I,II,III,aVR,aVL,aVF,V1,V2,V3,V4,V5,V6
0.016336203,0.05947566,0.0569489,nan,nan,nan,nan,nan,nan,nan,nan,nan
0.009728909,0.03407097,0.050160408,nan,nan,nan,nan,nan,nan,nan,nan,nan
-0.02231288,-0.03586173,0.059791565,nan,nan,nan,nan,nan,nan,nan,nan,nan
-0.04419923,-0.028404951,0.07865524,nan,nan,nan,nan,nan,nan,nan,nan,nan
-0.051632166,-0.014838934,0.09765744,nan,nan,nan,nan,nan,nan,nan,nan,nan
-0.044062376,-0.0203197,0.1092751,nan,nan,nan,nan,nan,nan,nan,nan,nan
-0.06720185,-0.043217182,0.09735751,nan,nan,nan,nan,nan,nan,nan,nan,nan
-0.0697906,-0.03993392,0.055427074,nan,nan,nan,nan,nan,nan,nan,nan,nan
-0.06239462,-0.030471563,0.06467152,nan,nan,nan,nan,nan,nan,nan,nan,nan
-0.044285297,0.0006940365,0.06375384,nan,nan,nan,nan,nan,nan,nan,nan,nan
-0.033868074,0.03855157,0.09620762,nan,nan,nan,nan,nan,nan,nan,nan,nan
-0.020252943,0.06664252,0.097976446,nan,nan,nan,nan,nan,nan,nan,nan,nan
0.023011446,0.083703995,0.09738207,nan,nan,nan,nan,nan,nan,nan,nan,nan
0.07414985,0.113119364,0.09087753,nan,nan,nan,nan,nan,nan,nan,nan,nan
0.05726099,0.14279473,0.09725833,nan,nan,nan,nan,nan,nan,nan,nan,nan
0.0040762424,0.08498168,0.08813524,nan,nan,nan,nan,nan,nan,nan,nan,nan
-0.024088621,0.05609584,0.08108187,nan,nan,nan,nan,nan,nan,nan,nan,nan
-0.06763291,0.028638363,0.07114482,nan,nan,nan,nan,nan,nan,nan,nan,nan
-0.09917569,-0.022156954,0.058022976,nan,nan,nan,nan,nan,nan,nan,nan,nan
-0.12264562,-0.062484264,0.057843685,nan,nan,nan,nan,nan,nan,nan,nan,nan
-0.13264322,-0.08746123,0.018877268,nan,nan,nan,nan,nan,nan,nan,nan,nan
-0.15010881,-0.102511644,0.019121408,nan,nan,nan,nan,nan,nan,nan,nan,nan
-0.16145134,-0.11862159,0.04582143,nan,nan,nan,nan,nan,nan,nan,nan,nan
-0.16161871,-0.12771678,0.053044558,nan,nan,nan,nan,nan,nan,nan,nan,nan
-0.18492484,-0.13761497,0.057404518,nan,nan,nan,nan,nan,nan,nan,nan,nan
-0.14652729,-0.13692045,0.08978081,nan,nan,nan,nan,nan,nan,nan,nan,nan
0.19616532,-0.13573146,-0.09151673,nan,nan,nan,nan,nan,nan,nan,nan,nan
0.7145177,-0.118952274,-0.32684422,nan,nan,nan,nan,nan,nan,nan,nan,nan
1.0657161,-0.08511543,-0.9539263,nan,nan,nan,nan,nan,nan,nan,nan,nan
0.46458745,-0.16959405,-1.2142696,nan,nan,nan,nan,nan,nan,nan,nan,nan
-0.19930148,-0.38824725,-0.616384,nan,nan,nan,nan,nan,nan,nan,nan,nan
-0.45219064,-0.39987063,-0.008529186,nan,nan,nan,nan,nan,nan,nan,nan,nan
-0.6509943,-0.33782887,0.25505686,nan,nan,nan,nan,nan,nan,nan,nan,nan
-0.68504596,-0.2960899,0.38511896,nan,nan,nan,nan,nan,nan,nan,nan,nan
-0.7156403,-0.34064317,0.37841213,nan,nan,nan,nan,nan,nan,nan,nan,nan
-0.6463618,-0.3708048,0.32567132,nan,nan,nan,nan,nan,nan,nan,nan,nan
-0.3875816,-0.28328633,0.23716176,nan,nan,nan,nan,nan,nan,nan,nan,nan
-0.21402693,-0.20634651,0.15987003,nan,nan,nan,nan,nan,nan,nan,nan,nan
-0.12926984,-0.10896778,0.09838009,nan,nan,nan,nan,nan,nan,nan,nan,nan
-0.09485841,-0.08639455,0.042805433,nan,nan,nan,nan,nan,nan,nan,nan,nan
-0.076574564,-0.06306791,0.025283813,nan,nan,nan,nan,nan,nan,nan,nan,nan
-0.056274652,-0.054439306,0.022931814,nan,nan,nan,nan,nan,nan,nan,nan,nan
-0.029693842,-0.0369215,0.01862216,nan,nan,nan,nan,nan,nan,nan,nan,nan
-0.0054051876,-0.013236284,0.021806479,nan,nan,nan,nan,nan,nan,nan,nan,nan
0.038224697,0.0072009563,0.012632608,nan,nan,nan,nan,nan,nan,nan,nan,nan
0.101252794,0.02075243,-0.01630497,nan,nan,nan,nan,nan,nan,nan,nan,nan
0.14295018,0.036708593,-0.06461716,nan,nan,nan,nan,nan,nan,nan,nan,nan
0.19094622,0.062206745,-0.07770157,nan,nan,nan,nan,nan,nan,nan,nan,nan
0.24500465,0.08828902,-0.0978477,nan,nan,nan,nan,nan,nan,nan,nan,nan
0.28845024,0.11055398,-0.13219738,nan,nan,nan,nan,nan,nan,nan,nan,nan
0.325675,0.13236856,-0.1457057,nan,nan,nan,nan,nan,nan,nan,nan,nan
0.33794045,0.16443491,-0.1434164,nan,nan,nan,nan,nan,nan,nan,nan,nan
0.31983948,0.19881439,-0.117801666,nan,nan,nan,nan,nan,nan,nan,nan,nan
0.27242017,0.21189594,-0.08644986,nan,nan,nan,nan,nan,nan,nan,nan,nan
0.21529317,0.19062829,-0.047163725,nan,nan,nan,nan,nan,nan,nan,nan,nan
0.14363623,0.17179298,-0.012143612,nan,nan,nan,nan,nan,nan,nan,nan,nan
0.08375859,0.1387012,0.015966177,nan,nan,nan,nan,nan,nan,nan,nan,nan
0.030458212,0.09368062,0.034448147,nan,nan,nan,nan,nan,nan,nan,nan,nan
-0.0101566315,0.05312586,0.04972601,nan,nan,nan,nan,nan,nan,nan,nan,nan
-0.04262328,0.021368265,0.06306696,nan,nan,nan,nan,nan,nan,nan,nan,nan
-0.059672594,0.0017030239,0.060176134,nan,nan,nan,nan,nan,nan,nan,nan,nan
-0.047159433,-0.007982492,0.058822393,nan,nan,nan,nan,nan,nan,nan,nan,nan
-0.044849634,-0.020631552,0.04218483,nan,nan,nan,nan,nan,nan,nan,nan,nan
-0.04525137,-0.015461683,0.034923553,nan,nan,nan,nan,nan,nan,nan,nan,nan
-0.06429434,-0.025364637,0.03362012,nan,nan,nan,nan,nan,nan,nan,nan,nan
-0.05365348,-0.031693697,0.03645873,nan,nan,nan,nan,nan,nan,nan,nan,nan
-0.04074359,-0.022411585,0.049012184,nan,nan,nan,nan,nan,nan,nan,nan,nan
-0.029551506,-0.0023441315,0.053122282,nan,nan,nan,nan,nan,nan,nan,nan,nan
-0.025234938,0.029560804,0.07078886,nan,nan,nan,nan,nan,nan,nan,nan,nan
-0.014226675,0.05434251,0.087985516,nan,nan,nan,nan,nan,nan,nan,nan,nan
0.0015838146,0.07683396,0.09407973,nan,nan,nan,nan,nan,nan,nan,nan,nan
0.04909587,0.09141946,0.09280181,nan,nan,nan,nan,nan,nan,nan,nan,nan
0.07441068,0.12572098,0.082191944,nan,nan,nan,nan,nan,nan,nan,nan,nan
0.054882765,0.12235546,0.06584692,nan,nan,nan,nan,nan,nan,nan,nan,nan
0.032027483,0.087955475,0.04478526,nan,nan,nan,nan,nan,nan,nan,nan,nan
-0.0161407,0.041243553,0.037434578,nan,nan,nan,nan,nan,nan,nan,nan,nan
-0.047056437,-0.00019049644,0.03335142,nan,nan,nan,nan,nan,nan,nan,nan,nan
-0.08228898,-0.044372797,0.023706913,nan,nan,nan,nan,nan,nan,nan,nan,nan
-0.092906,-0.08751178,0.016156197,nan,nan,nan,nan,nan,nan,nan,nan,nan
-0.091817856,-0.09987283,0.011542797,nan,nan,nan,nan,nan,nan,nan,nan,nan
-0.08421755,-0.097831964,0.015222549,nan,nan,nan,nan,nan,nan,nan,nan,nan
-0.10684967,-0.09765315,0.017763376,nan,nan,nan,nan,nan,nan,nan,nan,nan
-0.13043857,-0.10580826,0.026994705,nan,nan,nan,nan,nan,nan,nan,nan,nan
-0.12516427,-0.10714507,0.050649166,nan,nan,nan,nan,nan,nan,nan,nan,nan
0.08290696,-0.11403823,-0.009672642,nan,nan,nan,nan,nan,nan,nan,nan,nan
0.50710917,-0.11960101,-0.21158409,nan,nan,nan,nan,nan,nan,nan,nan,nan
1.0366614,-0.05570364,-0.7648144,nan,nan,nan,nan,nan,nan,nan,nan,nan
0.65827715,-0.15801573,-1.1606362,nan,nan,nan,nan,nan,nan,nan,nan,nan
0.013236284,-0.28680205,-0.8353386,nan,nan,nan,nan,nan,nan,nan,nan,nan
-0.32513523,-0.4189179,-0.28594232,nan,nan,nan,nan,nan,nan,nan,nan,nan
-0.5227673,-0.35322356,0.06629753,nan,nan,nan,nan,nan,nan,nan,nan,nan
-0.631325,-0.32102633,0.2752347,nan,nan,nan,nan,nan,nan,nan,nan,nan
-0.62499,-0.31720614,0.3365147,nan,nan,nan,nan,nan,nan,nan,nan,nan
-0.6170819,-0.34488463,0.29908562,nan,nan,nan,nan,nan,nan,nan,nan,nan
-0.40492535,-0.3231871,0.23631799,nan,nan,nan,nan,nan,nan,nan,nan,nan
-0.24271703,-0.22674322,0.17902207,nan,nan,nan,nan,nan,nan,nan,nan,nan
-0.13212085,-0.12586021,0.12061334,nan,nan,nan,nan,nan,nan,nan,nan,nan
-0.08061838,-0.056355,0.073470116,nan,nan,nan,nan,nan,nan,nan,nan,nan
-0.033568382,-0.03224969,0.044146776,nan,nan,nan,nan,nan,nan,nan,nan,nan
-0.010913134,-0.013720989,0.031738758,nan,nan,nan,nan,nan,nan,nan,nan,nan
0.0031664371,0.009262085,0.02302599,nan,nan,nan,nan,nan,nan,nan,nan,nan
0.0139706135,0.01903081,0.014252663,nan,nan,nan,nan,nan,nan,nan,nan,nan
0.041095257,0.02519536,0.011906147,nan,nan,nan,nan,nan,nan,nan,nan,nan
0.08274412,0.05145502,0.015319347,nan,nan,nan,nan,nan,nan,nan,nan,nan
0.11589742,0.078927994,-0.0025172234,nan,nan,nan,nan,nan,nan,nan,nan,nan
0.15716672,0.09296441,-0.02022314,nan,nan,nan,nan,nan,nan,nan,nan,nan
0.21190727,0.10011792,-0.058308125,nan,nan,nan,nan,nan,nan,nan,nan,nan
0.25939012,0.11967707,-0.08142471,nan,nan,nan,nan,nan,nan,nan,nan,nan
0.3005364,0.15019965,-0.09665918,nan,nan,nan,nan,nan,nan,nan,nan,nan
0.32126904,0.18210948,-0.1003046,nan,nan,nan,nan,nan,nan,nan,nan,nan
0.3246634,0.20748472,-0.09182119,nan,nan,nan,nan,nan,nan,nan,nan,nan
0.30646682,0.22878313,-0.07258892,nan,nan,nan,nan,nan,nan,nan,nan,nan
0.24619198,0.23948884,-0.041872025,nan,nan,nan,nan,nan,nan,nan,nan,nan
0.17242599,0.20662439,-0.0023169518,nan,nan,nan,nan,nan,nan,nan,nan,nan
0.10730362,0.17318344,0.030309439,nan,nan,nan,nan,nan,nan,nan,nan,nan
0.0552063,0.11801219,0.04952097,nan,nan,nan,nan,nan,nan,nan,nan,nan
0.0107162,0.08493066,0.069863796,nan,nan,nan,nan,nan,nan,nan,nan,nan
-0.017531157,0.056509256,0.07618618,nan,nan,nan,nan,nan,nan,nan,nan,nan
-0.03665042,0.040315866,0.08253765,nan,nan,nan,nan,nan,nan,nan,nan,nan
-0.06272602,0.016374588,0.076500416,nan,nan,nan,nan,nan,nan,nan,nan,nan
-0.08284879,-0.005877733,0.0770874,nan,nan,nan,nan,nan,nan,nan,nan,nan
-0.08233905,-0.01322937,0.074640274,nan,nan,nan,nan,nan,nan,nan,nan,nan
-0.085879564,-0.0076749325,0.079613924,nan,nan,nan,nan,nan,nan,nan,nan,nan
-0.07950902,-0.0014364719,0.08357334,nan,nan,nan,nan,nan,nan,nan,nan,nan
-0.07330346,-0.0010113716,0.086461306,nan,nan,nan,nan,nan,nan,nan,nan,nan
-0.045616865,0.01078105,0.095438,nan,nan,nan,nan,nan,nan,nan,nan,nan
-0.01673603,0.04049921,0.10526276,nan,nan,nan,nan,nan,nan,nan,nan,nan
0.0023846626,0.07997322,0.10925579,nan,nan,nan,nan,nan,nan,nan,nan,nan
0.017694712,0.10678077,0.11615515,nan,nan,nan,nan,nan,nan,nan,nan,nan
0.05718565,0.11745453,0.101700544,nan,nan,nan,nan,nan,nan,nan,nan,nan
0.06477475,0.14177632,0.09620643,nan,nan,nan,nan,nan,nan,nan,nan,nan
0.047544003,0.13361907,0.087632656,nan,nan,nan,nan,nan,nan,nan,nan,nan
0.028974295,0.100425005,0.07605362,nan,nan,nan,nan,nan,nan,nan,nan,nan
-0.0040402412,0.059265852,0.058481693,nan,nan,nan,nan,nan,nan,nan,nan,nan
-0.03583169,0.022105932,0.04781151,nan,nan,nan,nan,nan,nan,nan,nan,nan
-0.05968666,-0.009008646,0.047688484,nan,nan,nan,nan,nan,nan,nan,nan,nan
-0.094588995,-0.045831442,0.046138287,nan,nan,nan,nan,nan,nan,nan,nan,nan
-0.10159683,-0.0775826,0.03640032,nan,nan,nan,nan,nan,nan,nan,nan,nan
-0.09434605,-0.08765483,0.027599335,nan,nan,nan,nan,nan,nan,nan,nan,nan
-0.09388471,-0.09778619,0.022465944,nan,nan,nan,nan,nan,nan,nan,nan,nan
-0.10000539,-0.093191385,-0.12409496,nan,nan,nan,nan,nan,nan,nan,nan,nan
-0.12277818,-0.08915806,0.042551756,nan,nan,nan,nan,nan,nan,nan,nan,nan
0.034341574,-0.09971595,0.057807922,nan,nan,nan,nan,nan,nan,nan,nan,nan
0.551301,-0.10632348,-0.18637037,nan,nan,nan,nan,nan,nan,nan,nan,nan
1.1088451,-0.0327363,-0.6885054,nan,nan,nan,nan,nan,nan,nan,nan,nan
0.99224925,-0.06313896,-1.0398169,nan,nan,nan,nan,nan,nan,nan,nan,nan
0.004876852,-0.29013467,-1.0340042,nan,nan,nan,nan,nan,nan,nan,nan,nan
-0.3100822,-0.45961642,-0.57244277,nan,nan,nan,nan,nan,nan,nan,nan,nan
-0.5992191,-0.41985536,0.09854102,nan,nan,nan,nan,nan,nan,nan,nan,nan
-0.69979,-0.37253356,0.33427978,nan,nan,nan,nan,nan,nan,nan,nan,nan
-0.71976733,-0.3742218,0.35093737,nan,nan,nan,nan,nan,nan,nan,nan,nan
-0.6678109,-0.40276265,0.33322716,nan,nan,nan,nan,nan,nan,nan,nan,nan
-0.39963222,-0.3160143,0.26699734,nan,nan,nan,nan,nan,nan,nan,nan,nan
-0.24894714,-0.21058726,0.18496084,nan,nan,nan,nan,nan,nan,nan,nan,nan
-0.14905763,-0.12759161,0.12163973,nan,nan,nan,nan,nan,nan,nan,nan,nan
-0.10557151,-0.071348906,0.088199615,nan,nan,nan,nan,nan,nan,nan,nan,nan
-0.06941438,-0.039788008,0.07004213,nan,nan,nan,nan,nan,nan,nan,nan,nan
-0.024941206,-0.016639948,0.053188324,nan,nan,nan,nan,nan,nan,nan,nan,nan
0.0026185513,0.009550095,0.046242714,nan,nan,nan,nan,nan,nan,nan,nan,nan
0.025703907,0.019981623,0.038301945,nan,nan,nan,nan,nan,nan,nan,nan,nan
0.039077282,0.03341365,0.023355722,nan,nan,nan,nan,nan,nan,nan,nan,nan
0.06548476,0.041484594,0.016444683,nan,nan,nan,nan,nan,nan,nan,nan,nan
0.09482956,0.06131649,0.008182049,nan,nan,nan,nan,nan,nan,nan,nan,nan
0.13504648,0.0803597,-0.0059599876,nan,nan,nan,nan,nan,nan,nan,nan,nan
0.1853776,0.09505439,-0.030775785,nan,nan,nan,nan,nan,nan,nan,nan,nan
0.24633205,0.11756015,-0.056747913,nan,nan,nan,nan,nan,nan,nan,nan,nan
0.29060602,0.15173984,-0.07779026,nan,nan,nan,nan,nan,nan,nan,nan,nan
0.32207155,0.18544328,-0.089597225,nan,nan,nan,nan,nan,nan,nan,nan,nan
0.3307767,0.20778334,-0.09196329,nan,nan,nan,nan,nan,nan,nan,nan,nan
0.30141485,0.2219913,-0.082069635,nan,nan,nan,nan,nan,nan,nan,nan,nan
0.24582624,0.22332239,-0.045892954,nan,nan,nan,nan,nan,nan,nan,nan,nan
0.1847322,0.20365012,-0.006049156,nan,nan,nan,nan,nan,nan,nan,nan,nan
0.11167741,0.17742372,0.028578281,nan,nan,nan,nan,nan,nan,nan,nan,nan
0.050354004,0.13371062,0.054702997,nan,nan,nan,nan,nan,nan,nan,nan,nan
0.016657352,0.08791661,0.07806635,nan,nan,nan,nan,nan,nan,nan,nan,nan
-0.002405405,0.05748868,0.08159542,nan,nan,nan,nan,nan,nan,nan,nan,nan
-0.023960829,0.03406596,0.07685757,nan,nan,nan,nan,nan,nan,nan,nan,nan
-0.036502838,0.01363492,0.07736254,nan,nan,nan,nan,nan,nan,nan,nan,nan
-0.045344353,0.0056922436,0.080260515,nan,nan,nan,nan,nan,nan,nan,nan,nan
-0.051145315,-0.00084733963,0.07087231,nan,nan,nan,nan,nan,nan,nan,nan,nan
-0.06507945,-0.010207176,0.06155014,nan,nan,nan,nan,nan,nan,nan,nan,nan
-0.075906515,-0.01917386,0.072695255,nan,nan,nan,nan,nan,nan,nan,nan,nan
-0.078360796,-0.015562773,0.07158136,nan,nan,nan,nan,nan,nan,nan,nan,nan
-0.06574464,-0.004229784,0.090815544,nan,nan,nan,nan,nan,nan,nan,nan,nan
-0.037285328,0.021071672,0.10529828,nan,nan,nan,nan,nan,nan,nan,nan,nan
-0.016376972,0.05640173,0.1054554,nan,nan,nan,nan,nan,nan,nan,nan,nan
-0.007871628,0.085638046,0.1056273,nan,nan,nan,nan,nan,nan,nan,nan,nan
0.006098032,0.08592796,0.105767965,nan,nan,nan,nan,nan,nan,nan,nan,nan
0.028511047,0.10362935,0.112297535,nan,nan,nan,nan,nan,nan,nan,nan,nan
0.041530848,0.12472463,0.10909581,nan,nan,nan,nan,nan,nan,nan,nan,nan
0.027734518,0.10683203,0.08707237,nan,nan,nan,nan,nan,nan,nan,nan,nan
0.015476465,0.07823515,0.07179284,nan,nan,nan,nan,nan,nan,nan,nan,nan
-0.010712624,0.05115962,0.056187153,nan,nan,nan,nan,nan,nan,nan,nan,nan
-0.058258772,0.011991739,0.051344156,nan,nan,nan,nan,nan,nan,nan,nan,nan
-0.088697195,-0.035405874,0.047602177,nan,nan,nan,nan,nan,nan,nan,nan,nan
-0.10054445,-0.056328535,0.04869485,nan,nan,nan,nan,nan,nan,nan,nan,nan
-0.11272454,-0.074683905,0.047091484,nan,nan,nan,nan,nan,nan,nan,nan,nan
-0.12080455,-0.093589544,0.044388294,nan,nan,nan,nan,nan,nan,nan,nan,nan
-0.11200714,-0.09947038,0.046363354,nan,nan,nan,nan,nan,nan,nan,nan,nan
0.00465703,-0.0925076,0.051185608,nan,nan,nan,nan,nan,nan,nan,nan,nan
0.06049514,-0.08793473,-0.23751521,nan,nan,nan,nan,nan,nan,nan,nan,nan
0.21156847,-0.088713884,-0.13943124,nan,nan,nan,nan,nan,nan,nan,nan,nan
0.7015333,-0.041530132,-0.3312621,nan,nan,nan,nan,nan,nan,nan,nan,nan
1.1051693,0.01220727,-0.81448865,nan,nan,nan,nan,nan,nan,nan,nan,nan
0.6128503,-0.12863612,-1.2025619,nan,nan,nan,nan,nan,nan,nan,nan,nan
-0.184201,-0.39871955,-0.79042435,nan,nan,nan,nan,nan,nan,nan,nan,nan
-0.43433833,-0.44078708,-0.11691785,nan,nan,nan,nan,nan,nan,nan,nan,nan
-0.68299174,-0.4084804,0.17288351,nan,nan,nan,nan,nan,nan,nan,nan,nan
-0.74154544,-0.3783083,0.3666613,nan,nan,nan,nan,nan,nan,nan,nan,nan
-0.7438848,-0.3967514,0.36540866,nan,nan,nan,nan,nan,nan,nan,nan,nan
-0.6156657,-0.400697,0.32484114,nan,nan,nan,nan,nan,nan,nan,nan,nan
-0.29111576,-0.28120255,0.25151014,nan,nan,nan,nan,nan,nan,nan,nan,nan
-0.18683982,-0.17314601,0.14602423,nan,nan,nan,nan,nan,nan,nan,nan,nan
-0.11794543,-0.09412813,0.09433842,nan,nan,nan,nan,nan,nan,nan,nan,nan
-0.07628918,-0.055321455,0.07176185,nan,nan,nan,nan,nan,nan,nan,nan,nan
-0.045637608,-0.027649641,0.05675912,nan,nan,nan,nan,nan,nan,nan,nan,nan
-0.020123959,-0.009889841,0.044328213,nan,nan,nan,nan,nan,nan,nan,nan,nan
-0.0015478134,3.027916e-05,0.039818287,nan,nan,nan,nan,nan,nan,nan,nan,nan
0.016930342,0.011520147,0.032122135,nan,nan,nan,nan,nan,nan,nan,nan,nan
0.04666114,0.02244544,0.021538973,nan,nan,nan,nan,nan,nan,nan,nan,nan
0.069992304,0.038714886,0.015255928,nan,nan,nan,nan,nan,nan,nan,nan,nan
0.111353755,0.052994013,-0.0018439293,nan,nan,nan,nan,nan,nan,nan,nan,nan
0.15539742,0.07412195,-0.025458813,nan,nan,nan,nan,nan,nan,nan,nan,nan
0.21818256,0.09349632,-0.05678177,nan,nan,nan,nan,nan,nan,nan,nan,nan
0.26991785,0.11973381,-0.09040499,nan,nan,nan,nan,nan,nan,nan,nan,nan
0.3005482,0.14306164,-0.10614586,nan,nan,nan,nan,nan,nan,nan,nan,nan
0.3228035,0.17266965,-0.108031034,nan,nan,nan,nan,nan,nan,nan,nan,nan
0.32540464,0.20191824,-0.096208096,nan,nan,nan,nan,nan,nan,nan,nan,nan
0.29614067,0.21796262,-0.078863144,nan,nan,nan,nan,nan,nan,nan,nan,nan
0.2308675,0.21152544,-0.050429583,nan,nan,nan,nan,nan,nan,nan,nan,nan
0.17867064,0.1894145,-0.0123922825,nan,nan,nan,nan,nan,nan,nan,nan,nan
0.11724472,0.16321373,0.028225899,nan,nan,nan,nan,nan,nan,nan,nan,nan
0.06252599,0.11080003,0.042695522,nan,nan,nan,nan,nan,nan,nan,nan,nan
0.0267632,0.07298255,0.048817635,nan,nan,nan,nan,nan,nan,nan,nan,nan
0.0058345795,0.044250965,0.04142809,nan,nan,nan,nan,nan,nan,nan,nan,nan
-0.013942957,0.02901268,0.039306402,nan,nan,nan,nan,nan,nan,nan,nan,nan
-0.028256178,0.013423443,0.049739838,nan,nan,nan,nan,nan,nan,nan,nan,nan
-0.046726465,0.017781258,0.06380868,nan,nan,nan,nan,nan,nan,nan,nan,nan
-0.050665617,0.014332771,0.07860184,nan,nan,nan,nan,nan,nan,nan,nan,nan
-0.06516743,0.016553164,0.08294439,nan,nan,nan,nan,nan,nan,nan,nan,nan
-0.05707574,0.0041298866,0.08727455,nan,nan,nan,nan,nan,nan,nan,nan,nan
-0.05335045,0.0021014214,0.08487654,nan,nan,nan,nan,nan,nan,nan,nan,nan
-0.047453642,0.014150858,0.081617594,nan,nan,nan,nan,nan,nan,nan,nan,nan
-0.026399136,0.02575612,0.096170425,nan,nan,nan,nan,nan,nan,nan,nan,nan
-0.005407095,0.063114405,0.108181,nan,nan,nan,nan,nan,nan,nan,nan,nan
-0.010269403,0.09542203,0.120170355,nan,nan,nan,nan,nan,nan,nan,nan,nan
0.0120437145,0.10857749,0.12359476,nan,nan,nan,nan,nan,nan,nan,nan,nan
0.055802107,0.11796975,0.111688375,nan,nan,nan,nan,nan,nan,nan,nan,nan
0.05985999,0.13472271,0.09693861,nan,nan,nan,nan,nan,nan,nan,nan,nan
0.016173601,0.11540866,0.087851286,nan,nan,nan,nan,nan,nan,nan,nan,nan
nan,0.08996296,nan,-0.0064046383,-0.044478178,0.09163952,nan,nan,nan,nan,nan,nan
nan,0.053934336,nan,-0.02833128,-0.05377221,0.062433958,nan,nan,nan,nan,nan,nan
nan,0.019134521,nan,0.01725316,-0.060334206,0.04296875,nan,nan,nan,nan,nan,nan
nan,-0.021869183,nan,0.06538558,-0.059994698,0.037595272,nan,nan,nan,nan,nan,nan
nan,-0.051192045,nan,0.051339865,-0.06437898,-0.00091362,nan,nan,nan,nan,nan,nan
nan,-0.07135296,nan,0.051170588,-0.06513524,-0.019761086,nan,nan,nan,nan,nan,nan
nan,-0.079948425,nan,0.15327585,-0.08020687,-0.012722015,nan,nan,nan,nan,nan,nan
nan,-0.08469081,nan,0.11679757,-0.08845639,0.04467511,nan,nan,nan,nan,nan,nan
nan,-0.08499026,nan,0.12416887,0.14013362,0.0793829,nan,nan,nan,nan,nan,nan
nan,-0.08282423,nan,0.13875723,0.1331141,0.068517685,nan,nan,nan,nan,nan,nan
nan,-0.066548824,nan,-0.08137488,0.30382538,-0.06261134,nan,nan,nan,nan,nan,nan
nan,-0.029946089,nan,-0.092334986,0.5627136,-0.13369274,nan,nan,nan,nan,nan,nan
nan,0.023262024,nan,-0.27448273,1.0524883,-0.36913514,nan,nan,nan,nan,nan,nan
nan,-0.15304446,nan,-0.10098362,0.79997766,-0.7198534,nan,nan,nan,nan,nan,nan
nan,-0.37738848,nan,0.21998847,0.19394088,-0.5867114,nan,nan,nan,nan,nan,nan
nan,-0.4412787,nan,0.39509106,-0.22660351,-0.2808888,nan,nan,nan,nan,nan,nan
nan,-0.38699794,nan,0.4701091,-0.4576776,-0.052455425,nan,nan,nan,nan,nan,nan
nan,-0.353235,nan,0.48466134,-0.5700922,0.016694546,nan,nan,nan,nan,nan,nan
nan,-0.38305163,nan,0.36710548,-0.5631349,0.0005853176,nan,nan,nan,nan,nan,nan
nan,-0.4098475,nan,nan,-0.49482608,-0.023202658,nan,nan,nan,nan,nan,nan
nan,-0.2886622,nan,nan,-0.3506713,0.021339417,nan,nan,nan,nan,nan,nan
nan,-0.17209744,nan,-0.00027394295,-0.2362938,0.039307117,nan,nan,nan,nan,nan,nan
nan,-0.07920146,nan,0.063724995,-0.13823962,0.03426528,nan,nan,nan,nan,nan,nan
nan,-0.04051876,nan,0.027961731,-0.10376644,0.06549096,nan,nan,nan,nan,nan,nan
nan,-0.01670909,nan,0.016046286,-0.08418226,0.029455662,nan,nan,nan,nan,nan,nan
nan,7.033348e-05,nan,-0.0001347065,-0.07700896,0.045156717,nan,nan,nan,nan,nan,nan
nan,0.019330502,nan,-0.03621602,-0.054988623,0.049598694,nan,nan,nan,nan,nan,nan
nan,0.040137053,nan,-0.060416937,-0.023102283,0.06226802,nan,nan,nan,nan,nan,nan
nan,0.052956343,nan,-0.0741899,0.0073416233,0.043079376,nan,nan,nan,nan,nan,nan
nan,0.059011698,nan,-0.10512805,0.047574043,0.040611982,nan,nan,nan,nan,nan,nan
nan,0.0628407,nan,-0.11400485,0.066351175,0.032892704,nan,nan,nan,nan,nan,nan
nan,0.07780671,nan,-0.16171503,0.092858315,0.039408445,nan,nan,nan,nan,nan,nan
nan,0.10528302,nan,-0.18973184,0.12954044,0.041488647,nan,nan,nan,nan,nan,nan
nan,0.13158178,nan,-0.21637988,0.16812158,0.042613506,nan,nan,nan,nan,nan,nan
nan,0.15799558,nan,-0.2628231,0.19142938,0.042670965,nan,nan,nan,nan,nan,nan
nan,0.18946528,nan,-0.30178118,0.20437646,0.0545094,nan,nan,nan,nan,nan,nan
nan,0.22182035,nan,-0.30783987,0.21021652,0.068715096,nan,nan,nan,nan,nan,nan
nan,0.2437334,nan,-0.2990837,0.14853787,0.0793612,nan,nan,nan,nan,nan,nan
nan,0.24027884,nan,-0.25714087,0.08334601,0.11077547,nan,nan,nan,nan,nan,nan
nan,0.2138573,nan,-0.20108199,0.04639268,0.10849047,nan,nan,nan,nan,nan,nan
nan,0.17322195,nan,-0.14267755,0.046117306,0.08201504,nan,nan,nan,nan,nan,nan
nan,0.12796617,nan,-0.09173989,-0.011179209,0.088876724,nan,nan,nan,nan,nan,nan
nan,0.08135009,nan,-0.043547392,-0.039521456,0.08281183,nan,nan,nan,nan,nan,nan
nan,0.050652266,nan,-0.014371395,-0.06235838,0.065669775,nan,nan,nan,nan,nan,nan
nan,0.03397727,nan,-0.0012750626,-0.069350004,0.06338835,nan,nan,nan,nan,nan,nan
nan,0.026445627,nan,-0.0013120174,-0.07675648,0.056206703,nan,nan,nan,nan,nan,nan
nan,0.023883581,nan,0.16938257,-0.09789491,0.081848145,nan,nan,nan,nan,nan,nan
nan,0.01815176,nan,0.13625705,-0.08662939,0.078861,nan,nan,nan,nan,nan,nan
nan,0.0008187294,nan,0.104438186,-0.07640433,0.047175646,nan,nan,nan,nan,nan,nan
nan,0.001157999,nan,0.06756306,-0.07790065,0.04234147,nan,nan,nan,nan,nan,nan
nan,0.01731944,nan,0.034053802,-0.07712412,0.047587395,nan,nan,nan,nan,nan,nan
nan,0.022340298,nan,-0.016327143,-0.08072305,0.054233313,nan,nan,nan,nan,nan,nan
nan,0.03819704,nan,-0.022901297,-0.09377718,0.077058315,nan,nan,nan,nan,nan,nan
nan,0.061760426,nan,-0.042331696,-0.09809756,0.10487032,nan,nan,nan,nan,nan,nan
nan,0.09244847,nan,-0.06413293,-0.08711052,0.12817097,nan,nan,nan,nan,nan,nan
nan,0.119253874,nan,-0.08843589,-0.082300425,0.1441133,nan,nan,nan,nan,nan,nan
nan,0.1365869,nan,-0.11256623,-0.06013751,0.15301883,nan,nan,nan,nan,nan,nan
nan,0.14913082,nan,-0.10975051,-0.029776335,0.12767053,nan,nan,nan,nan,nan,nan
nan,0.11373019,nan,-0.08756328,-0.012820721,0.09661889,nan,nan,nan,nan,nan,nan
nan,0.09720659,nan,-0.057000875,-0.026304007,0.08643031,nan,nan,nan,nan,nan,nan
nan,0.064849615,nan,-0.010862589,-0.05000782,0.06940389,nan,nan,nan,nan,nan,nan
nan,0.01959443,nan,0.03187108,-0.06480527,0.04892826,nan,nan,nan,nan,nan,nan
nan,-0.023655176,nan,0.05758643,-0.077720165,0.01812315,nan,nan,nan,nan,nan,nan
nan,-0.052345514,nan,0.06798768,-0.08007383,0.0022397041,nan,nan,nan,nan,nan,nan
nan,-0.06072402,nan,0.06187606,-0.07969689,-0.003066063,nan,nan,nan,nan,nan,nan
nan,-0.063017845,nan,0.05846691,-0.09111524,0.0010442734,nan,nan,nan,nan,nan,nan
nan,-0.050668955,nan,0.06666827,-0.090809345,0.007179737,nan,nan,nan,nan,nan,nan
nan,-0.056595802,nan,0.07812834,-0.109324455,0.01012373,nan,nan,nan,nan,nan,nan
nan,-0.06438804,nan,0.07422638,-0.12413859,0.016638994,nan,nan,nan,nan,nan,nan
nan,-0.07235789,nan,-0.04597664,0.07680321,-0.023135185,nan,nan,nan,nan,nan,nan
nan,-0.058497906,nan,-0.384938,0.7964003,-0.27880573,nan,nan,nan,nan,nan,nan
nan,-0.049266815,nan,-0.5161073,1.1609251,-0.4798236,nan,nan,nan,nan,nan,nan
nan,-0.17467713,nan,0.032162428,0.93403184,-0.71051574,nan,nan,nan,nan,nan,nan
nan,-0.36289215,nan,0.22530627,-0.0010883808,-0.54329205,nan,nan,nan,nan,nan,nan
nan,-0.38834524,nan,0.37537384,-0.18215942,-0.18987846,nan,nan,nan,nan,nan,nan
nan,-0.3211367,nan,0.46659172,-0.49435568,-0.025758266,nan,nan,nan,nan,nan,nan
nan,-0.30401683,nan,0.5079236,-0.57065415,0.048563004,nan,nan,nan,nan,nan,nan
nan,-0.3349638,nan,0.53349423,-0.567225,0.031404495,nan,nan,nan,nan,nan,nan
nan,-0.3672359,nan,0.423612,-0.5093503,0.0059025288,nan,nan,nan,nan,nan,nan
nan,-0.29700875,nan,0.27680552,-0.38418102,0.0031557083,nan,nan,nan,nan,nan,nan
nan,-0.18674827,nan,0.13205373,-0.19529271,0.013611555,nan,nan,nan,nan,nan,nan
nan,-0.08604503,nan,0.06834912,-0.116086245,0.019551039,nan,nan,nan,nan,nan,nan
nan,-0.03894949,nan,0.042816877,-0.084848166,0.028601646,nan,nan,nan,nan,nan,nan
nan,-0.017209291,nan,0.026278734,-0.063767195,0.025230408,nan,nan,nan,nan,nan,nan
nan,-0.009006977,nan,0.0144712925,-0.039443493,0.011530161,nan,nan,nan,nan,nan,nan
nan,-0.011470318,nan,-0.009699583,-0.019958258,0.0131959915,nan,nan,nan,nan,nan,nan
nan,0.009126425,nan,-0.036109924,-0.008338213,0.027741432,nan,nan,nan,nan,nan,nan
nan,0.03155446,nan,-0.05543661,0.0109837055,0.028204203,nan,nan,nan,nan,nan,nan
nan,0.04151392,nan,-0.080390215,0.04692912,0.016679049,nan,nan,nan,nan,nan,nan
nan,0.05126667,nan,-0.11474705,0.08818483,0.010284901,nan,nan,nan,nan,nan,nan
nan,0.07055831,nan,-0.15549088,0.123744965,0.0028307438,nan,nan,nan,nan,nan,nan
nan,0.0885396,nan,-0.19215727,0.15950084,0.004212141,nan,nan,nan,nan,nan,nan
nan,0.11612725,nan,-0.23016715,0.20234132,-0.0041980743,nan,nan,nan,nan,nan,nan
nan,0.1458478,nan,-0.27639627,0.24468589,0.001491785,nan,nan,nan,nan,nan,nan
nan,0.18210065,nan,-0.29144454,0.2648182,0.015430927,nan,nan,nan,nan,nan,nan
nan,0.19854426,nan,-0.29225206,0.25455868,0.026133299,nan,nan,nan,nan,nan,nan
nan,0.21284246,nan,-0.28364015,0.23116744,0.045401573,nan,nan,nan,nan,nan,nan
nan,0.22083616,nan,-0.25977254,0.17644107,0.07271242,nan,nan,nan,nan,nan,nan
nan,0.20097494,nan,-0.20538902,0.12533319,0.08867502,nan,nan,nan,nan,nan,nan
nan,0.15828061,nan,-0.14289093,0.082234144,0.073616266,nan,nan,nan,nan,nan,nan
nan,0.11675835,nan,-0.1050992,0.04192424,0.06041789,nan,nan,nan,nan,nan,nan
nan,0.084686756,nan,-0.056447268,0.010643244,0.055933237,nan,nan,nan,nan,nan,nan
nan,0.05535531,nan,-0.017276049,-0.017680645,0.04840994,nan,nan,nan,nan,nan,nan
nan,0.031796932,nan,-0.0041663647,-0.04677701,0.04321909,nan,nan,nan,nan,nan,nan
nan,0.017823935,nan,0.011101246,-0.060881138,0.044783115,nan,nan,nan,nan,nan,nan
nan,0.012196779,nan,0.023679972,-0.07781935,0.04809618,nan,nan,nan,nan,nan,nan
nan,0.01494956,nan,0.02702856,-0.09482741,0.06115699,nan,nan,nan,nan,nan,nan
nan,0.0043184757,nan,0.029455423,-0.10194945,0.07046533,nan,nan,nan,nan,nan,nan
nan,0.007565975,nan,0.030774593,-0.10474086,0.075160265,nan,nan,nan,nan,nan,nan
nan,0.011557102,nan,0.008085012,-0.09640288,0.074961185,nan,nan,nan,nan,nan,nan
nan,0.039933443,nan,-0.02116561,-0.083120584,0.084872246,nan,nan,nan,nan,nan,nan
nan,0.063848734,nan,-0.03386283,-0.088074684,0.0993762,nan,nan,nan,nan,nan,nan
nan,0.08735013,nan,-0.05144167,-0.08862233,0.11759424,nan,nan,nan,nan,nan,nan
nan,0.10804582,nan,-0.074210644,-0.07592273,0.13217139,nan,nan,nan,nan,nan,nan
nan,0.13218284,nan,-0.096452,-0.060770035,0.14426816,nan,nan,nan,nan,nan,nan
nan,0.14847541,nan,-0.09310436,-0.04661274,0.13868642,nan,nan,nan,nan,nan,nan
nan,0.13178563,nan,-0.07622576,-0.03964567,0.121068716,nan,nan,nan,nan,nan,nan
nan,0.11579251,nan,-0.052305937,-0.042675734,0.111297846,nan,nan,nan,nan,nan,nan
nan,0.081101656,nan,-0.0200181,-0.053179264,0.08591747,nan,nan,nan,nan,nan,nan
nan,0.0338161,nan,0.021894217,-0.061258554,0.060466766,nan,nan,nan,nan,nan,nan
nan,-0.0071053505,nan,0.06172657,-0.080168486,0.033793688,nan,nan,nan,nan,nan,nan
nan,-0.050931215,nan,0.08531952,-0.08545089,0.010537863,nan,nan,nan,nan,nan,nan
nan,-0.07341933,nan,0.09375727,-0.09253049,-0.0028910637,nan,nan,nan,nan,nan,nan
nan,-0.08111644,nan,0.0970602,-0.096707106,-0.005489111,nan,nan,nan,nan,nan,nan
nan,-0.08943844,nan,0.10895419,-0.11192131,0.0011031628,nan,nan,nan,nan,nan,nan
nan,-0.087358475,nan,0.11619997,-0.13237119,0.01587081,nan,nan,nan,nan,nan,nan
nan,-0.08208847,nan,0.10318184,-0.13363957,0.016726494,nan,nan,nan,nan,nan,nan
nan,-0.0898931,nan,-0.028567076,0.10297513,-0.040749073,nan,nan,nan,nan,nan,nan
nan,-0.0806396,nan,-0.30117297,0.5382087,-0.19705439,nan,nan,nan,nan,nan,nan
nan,-0.02179575,nan,-0.47096324,0.9023591,-0.42056417,nan,nan,nan,nan,nan,nan
nan,-0.11954689,nan,-0.024018526,0.8596494,-0.62724423,nan,nan,nan,nan,nan,nan
nan,-0.28677273,nan,0.21849275,0.14390826,-0.49020958,nan,nan,nan,nan,nan,nan
nan,-0.37210488,nan,0.36731505,-0.19559288,-0.21189737,nan,nan,nan,nan,nan,nan
nan,-0.33114457,nan,0.47803855,-0.44276953,-0.06327772,nan,nan,nan,nan,nan,nan
nan,-0.31294322,nan,0.49004638,-0.55600476,0.042631626,nan,nan,nan,nan,nan,nan
nan,-0.32594633,nan,0.50989354,-0.52872705,0.035388947,nan,nan,nan,nan,nan,nan
nan,-0.3514812,nan,0.49963284,-0.49394655,0.0042772293,nan,nan,nan,nan,nan,nan
nan,-0.30741978,nan,0.28639543,-0.45533633,0.00042295456,nan,nan,nan,nan,nan,nan
nan,-0.20073223,nan,0.16467321,-0.16614318,0.016782999,nan,nan,nan,nan,nan,nan
nan,-0.1083045,nan,0.09190488,-0.12982488,0.030669212,nan,nan,nan,nan,nan,nan
nan,-0.04686737,nan,0.06307912,-0.1021204,0.03094244,nan,nan,nan,nan,nan,nan
nan,-0.030957699,nan,0.04663062,-0.08825803,0.037916183,nan,nan,nan,nan,nan,nan
nan,-0.015178442,nan,0.034427404,-0.07822156,0.043734074,nan,nan,nan,nan,nan,nan
nan,-0.0051734447,nan,0.014272213,-0.071885586,0.047642946,nan,nan,nan,nan,nan,nan
nan,0.00812459,nan,-0.015245438,-0.038697004,0.04624772,nan,nan,nan,nan,nan,nan
nan,0.03202772,nan,-0.050753593,-0.0025629997,0.04392624,nan,nan,nan,nan,nan,nan
nan,0.049549818,nan,-0.07167101,0.02936399,0.035830498,nan,nan,nan,nan,nan,nan
nan,0.05831027,nan,-0.09898496,0.06297803,0.024002552,nan,nan,nan,nan,nan,nan
nan,0.07229638,nan,-0.1280222,0.09872782,0.015976429,nan,nan,nan,nan,nan,nan
nan,0.09163761,nan,-0.1590836,0.1288886,0.018942833,nan,nan,nan,nan,nan,nan
nan,0.12179661,nan,-0.20318198,0.15216637,0.029224873,nan,nan,nan,nan,nan,nan
nan,0.15305042,nan,-0.24562669,0.18466258,0.03643298,nan,nan,nan,nan,nan,nan
nan,0.18180108,nan,-0.26835942,0.21104419,0.04496765,nan,nan,nan,nan,nan,nan
nan,0.20483148,nan,-0.27859187,0.2059015,0.05943322,nan,nan,nan,nan,nan,nan
nan,0.22691703,nan,-0.27611256,0.19270492,0.08073521,nan,nan,nan,nan,nan,nan
nan,0.22701812,nan,-0.24239755,0.16497087,0.09186411,nan,nan,nan,nan,nan,nan
nan,0.20279598,nan,-0.180408,0.08630705,0.09957552,nan,nan,nan,nan,nan,nan
nan,0.17381024,nan,-0.13002086,0.04614973,0.106082916,nan,nan,nan,nan,nan,nan
nan,0.11971736,nan,-0.06250548,-0.00223279,0.096982956,nan,nan,nan,nan,nan,nan
nan,0.063658476,nan,-0.0022256374,-0.03604102,0.06263876,nan,nan,nan,nan,nan,nan
nan,0.016236544,nan,0.032636166,-0.07776618,0.049864054,nan,nan,nan,nan,nan,nan
nan,0.004039049,nan,0.046254396,-0.093199015,0.05134535,nan,nan,nan,nan,nan,nan
nan,-0.009214163,nan,0.04560995,-0.10164261,0.0650816,nan,nan,nan,nan,nan,nan
nan,-0.010925531,nan,0.04078555,-0.09737611,0.059404135,nan,nan,nan,nan,nan,nan
nan,-0.0014762878,nan,0.03555894,-0.082883835,0.053876877,nan,nan,nan,nan,nan,nan
nan,-0.008402109,nan,0.05146885,-0.07151556,0.03336358,nan,nan,nan,nan,nan,nan
nan,-0.024800539,nan,0.040449858,-0.06220293,0.02135992,nan,nan,nan,nan,nan,nan
nan,-0.020954847,nan,0.025132656,-0.05971408,0.027692318,nan,nan,nan,nan,nan,nan
nan,0.015925169,nan,0.0070016384,-0.07778525,0.063555,nan,nan,nan,nan,nan,nan
nan,0.058835506,nan,-0.012029886,-0.09247756,0.09949875,nan,nan,nan,nan,nan,nan
nan,0.085288286,nan,-0.029945135,-0.09676981,0.11859536,nan,nan,nan,nan,nan,nan
nan,0.0991447,nan,-0.040695667,-0.07961416,0.13124394,nan,nan,nan,nan,nan,nan
nan,0.1353333,nan,-0.0960505,-0.04380679,0.13760316,nan,nan,nan,nan,nan,nan
nan,0.15201259,nan,-0.08594203,-0.02589631,0.13862622,nan,nan,nan,nan,nan,nan
nan,0.13781798,nan,-0.07085729,-0.040469885,0.12592816,nan,nan,nan,nan,nan,nan
nan,0.12277913,nan,-0.040531635,-0.05876994,0.12380862,nan,nan,nan,nan,nan,nan
nan,0.08499932,nan,-0.013330936,-0.068969965,0.10700822,nan,nan,nan,nan,nan,nan
nan,0.051097393,nan,0.015936375,-0.07171345,0.079805374,nan,nan,nan,nan,nan,nan
nan,0.0123848915,nan,0.041599035,-0.0696497,0.0466249,nan,nan,nan,nan,nan,nan
nan,-0.027646065,nan,0.06391525,-0.066301584,0.022284508,nan,nan,nan,nan,nan,nan
nan,-0.04864621,nan,0.07746816,-0.0731442,0.00919795,nan,nan,nan,nan,nan,nan
nan,-0.054590702,nan,0.07728362,-0.076369524,0.0019440651,nan,nan,nan,nan,nan,nan
nan,-0.067279816,nan,0.07999015,-0.071272135,-0.003223896,nan,nan,nan,nan,nan,nan
nan,-0.06886649,nan,0.08149934,-0.06833243,-0.011704922,nan,nan,nan,nan,nan,nan
nan,-0.067527294,nan,0.08822417,-0.08925462,0.0012099743,nan,nan,nan,nan,nan,nan
nan,-0.07430577,nan,0.04320383,0.0033335686,-0.024333477,nan,nan,nan,nan,nan,nan
nan,-0.10533452,nan,-0.21351838,0.3215909,-0.12065697,nan,nan,nan,nan,nan,nan
nan,-0.032559633,nan,-0.4520476,0.7992382,-0.3053174,nan,nan,nan,nan,nan,nan
nan,-0.07322407,nan,-0.28787446,1.0005198,-0.57845306,nan,nan,nan,nan,nan,nan
nan,-0.2402618,nan,0.12564564,0.48481965,-0.5815716,nan,nan,nan,nan,nan,nan
nan,-0.37339997,nan,0.34810615,-0.10713172,-0.34753752,nan,nan,nan,nan,nan,nan
nan,-0.33972073,nan,0.40612686,-0.31050992,-0.10013819,nan,nan,nan,nan,nan,nan
nan,-0.3041358,nan,0.44854403,-0.47537875,0.017205,nan,nan,nan,nan,nan,nan
nan,-0.3156166,nan,0.46844804,-0.47309828,0.025110722,nan,nan,nan,nan,nan,nan
nan,-0.32463717,nan,0.42064142,-0.4505794,0.002916813,nan,nan,nan,nan,nan,nan
nan,-0.29200292,nan,0.2822523,-0.3371079,-0.003209591,nan,nan,nan,nan,nan,nan
nan,-0.19202638,nan,0.15468478,-0.21562123,0.005086899,nan,nan,nan,nan,nan,nan
nan,-0.094198465,nan,0.08895409,-0.11774874,0.01770711,nan,nan,nan,nan,nan,nan
nan,-0.04809761,nan,0.062299013,-0.07600951,0.021500587,nan,nan,nan,nan,nan,nan
nan,-0.032080173,nan,0.047213078,-0.059679747,0.01804161,nan,nan,nan,nan,nan,nan
nan,-0.016818762,nan,0.030517817,-0.048634768,0.018647194,nan,nan,nan,nan,nan,nan
nan,-0.011628389,nan,0.022825241,-0.036672592,0.028244019,nan,nan,nan,nan,nan,nan
nan,0.0024023056,nan,-0.0037009716,-0.019489288,0.039538383,nan,nan,nan,nan,nan,nan
nan,0.028781176,nan,-0.06563091,-0.0035068989,0.049383163,nan,nan,nan,nan,nan,nan
nan,0.06513238,nan,-0.07522154,0.023288965,0.06172228,nan,nan,nan,nan,nan,nan
nan,0.07417035,nan,-0.08929944,0.04874003,0.047619343,nan,nan,nan,nan,nan,nan
nan,0.07476783,nan,-0.12887836,0.102131605,0.02972269,nan,nan,nan,nan,nan,nan
nan,0.09958053,nan,-0.19011879,0.15644693,0.029902458,nan,nan,nan,nan,nan,nan
nan,0.1368339,nan,-0.20455074,0.17374384,0.038202286,nan,nan,nan,nan,nan,nan
nan,0.15987635,nan,-0.22989964,0.18776274,0.045236826,nan,nan,nan,nan,nan,nan
nan,0.18268323,nan,-0.25153327,0.20204592,0.0624547,nan,nan,nan,nan,nan,nan
nan,0.20905685,nan,-0.27425408,0.2042284,0.075125456,nan,nan,nan,nan,nan,nan
nan,0.2321198,nan,-0.26624942,0.19065094,0.08943319,nan,nan,nan,nan,nan,nan
nan,0.23022676,nan,-0.22931671,0.14102292,0.10385275,nan,nan,nan,nan,nan,nan
nan,0.2110908,nan,-0.16896987,0.075666785,0.118145466,nan,nan,nan,nan,nan,nan
nan,0.18147957,nan,-0.123173,0.026094198,0.117747545,nan,nan,nan,nan,nan,nan
nan,0.12697482,nan,-0.07586217,0.00017619133,0.10186672,nan,nan,nan,nan,nan,nan
nan,0.09334707,nan,-0.03023076,-0.023595572,0.08781791,nan,nan,nan,nan,nan,nan
nan,0.051157713,nan,-0.007650614,-0.038160086,0.061860085,nan,nan,nan,nan,nan,nan
nan,0.031282425,nan,0.0006067753,-0.04977703,0.05335641,nan,nan,nan,nan,nan,nan
nan,0.022999525,nan,0.01624608,-0.045537233,0.046016216,nan,nan,nan,nan,nan,nan
nan,0.012165308,nan,0.024974585,-0.041425228,0.037938595,nan,nan,nan,nan,nan,nan
nan,-0.0014653206,nan,0.03612876,-0.05900383,0.043509483,nan,nan,nan,nan,nan,nan
nan,-0.014864206,nan,0.062237978,-0.08583093,0.046361685,nan,nan,nan,nan,nan,nan
nan,-0.022071123,nan,0.051654816,-0.09234476,0.04769993,nan,nan,nan,nan,nan,nan
nan,0.012722254,nan,-0.007951498,-0.071763515,0.07010651,nan,nan,nan,nan,nan,nan
nan,0.058461905,nan,-0.04026413,-0.053434134,0.09272432,nan,nan,nan,nan,nan,nan
nan,0.08350301,nan,-0.052201033,-0.0550766,0.10950303,nan,nan,nan,nan,nan,nan
nan,0.111221075,nan,-0.040917873,-0.08569121,0.13446677,nan,nan,nan,nan,nan,nan
nan,0.110164165,nan,-0.05407834,-0.09158254,0.14248598,nan,nan,nan,nan,nan,nan
nan,0.12477517,nan,-0.08672309,-0.058662176,0.14831913,nan,nan,nan,nan,nan,nan
nan,0.15740275,nan,-0.08796978,-0.045018435,0.16165042,nan,nan,nan,nan,nan,nan
nan,0.13257122,nan,-0.08223009,-0.024157286,0.11843777,nan,nan,nan,nan,nan,nan
nan,0.118353605,nan,-0.046682596,-0.034178972,0.10820627,nan,nan,nan,nan,nan,nan
nan,0.08482599,nan,-0.005626917,-0.050011635,0.08365297,nan,nan,nan,nan,nan,nan
nan,0.033219576,nan,0.028079748,-0.045962572,0.05420637,nan,nan,nan,nan,nan,nan
nan,-0.01739049,nan,0.07610607,-0.034620762,-0.00017666817,nan,nan,nan,nan,nan,nan
nan,-0.07697606,nan,0.08372569,-0.025013924,-0.034555674,nan,nan,nan,nan,nan,nan
nan,-0.09664035,nan,0.076616526,-0.012363195,-0.04558277,nan,nan,nan,nan,nan,nan
nan,-0.1004014,nan,0.071721554,-0.030155897,-0.043395758,nan,nan,nan,nan,nan,nan
nan,-0.09430289,nan,0.091210246,-0.040436506,-0.03256893,nan,nan,nan,nan,nan,nan
nan,-0.09132314,nan,0.10021162,-0.058084726,-0.022995949,nan,nan,nan,nan,nan,nan
nan,-0.08779478,nan,0.06595683,-0.059404373,-0.012542486,nan,nan,nan,nan,nan,nan
nan,-0.088948965,nan,-0.09080315,0.18003488,-0.09970236,nan,nan,nan,nan,nan,nan
nan,-0.06404662,nan,-0.34055686,0.6144743,-0.2401979,nan,nan,nan,nan,nan,nan
nan,-0.08059645,nan,-0.35629845,1.0036848,-0.48046875,nan,nan,nan,nan,nan,nan
nan,-0.22465253,nan,0.0009937286,0.68332005,-0.68791246,nan,nan,nan,nan,nan,nan
nan,-0.44852853,nan,0.2871251,0.22450852,-0.5575819,nan,nan,nan,nan,nan,nan
nan,-0.41420317,nan,0.36623108,-0.031276703,-0.27868128,nan,nan,nan,nan,nan,nan
nan,-0.33718276,nan,0.42133522,-0.21786904,-0.12177777,nan,nan,nan,nan,nan,nan
nan,-0.31194758,nan,nan,nan,nan,0.2075491,-0.21529937,-0.35261273,nan,nan,nan
nan,-0.309376,nan,nan,nan,nan,0.47786808,-0.51178145,-0.38345575,nan,nan,nan
nan,-0.32011843,nan,nan,nan,nan,0.40509748,-0.5486281,-0.63392544,nan,nan,nan
nan,-0.2632501,nan,nan,nan,nan,0.021921635,-0.52659655,-0.6021199,nan,nan,nan
nan,-0.15156054,nan,nan,nan,nan,-0.02939248,-0.14456224,-0.20576453,nan,nan,nan
nan,-0.0792644,nan,nan,nan,nan,-0.07099724,-0.102371216,-0.15307236,nan,nan,nan
nan,-0.043636084,nan,nan,nan,nan,-0.10451126,-0.07079005,-0.11471033,nan,nan,nan
nan,-0.015269756,nan,nan,nan,nan,-0.11441636,-0.053171396,-0.08117247,nan,nan,nan
nan,0.008913279,nan,nan,nan,nan,-0.117716074,-0.032826662,-0.05663824,nan,nan,nan
nan,0.019515991,nan,nan,nan,nan,-0.12002778,-0.014768839,-0.034415722,nan,nan,nan
nan,0.02827859,nan,nan,nan,nan,-0.13663697,-0.0037837029,-0.013624907,nan,nan,nan
nan,0.046432257,nan,nan,nan,nan,-0.15104699,0.19413376,0.043550014,nan,nan,nan
nan,0.057968378,nan,nan,nan,nan,-0.16256952,0.23192775,0.044391632,nan,nan,nan
nan,0.068897724,nan,nan,nan,nan,-0.18991113,0.08387256,0.075724125,nan,nan,nan
nan,0.085582495,nan,nan,nan,nan,-0.21093464,0.13344026,0.12406623,nan,nan,nan
nan,0.1124053,nan,nan,nan,nan,-0.21751475,0.17451644,0.20470953,nan,nan,nan
nan,0.15382934,nan,nan,nan,nan,-0.2116785,0.24444532,0.3079636,nan,nan,nan
nan,0.18659067,nan,nan,nan,nan,-0.19874334,0.2898302,0.3231157,nan,nan,nan
nan,0.21836329,nan,nan,nan,nan,-0.18041682,0.3410604,0.19717443,nan,nan,nan
nan,0.24074149,nan,nan,nan,nan,-0.1346817,0.35810745,0.19512999,nan,nan,nan
nan,0.254848,nan,nan,nan,nan,-0.054015636,0.25579298,0.14085007,nan,nan,nan
nan,0.2469728,nan,nan,nan,nan,0.025841951,0.33549964,0.13718867,nan,nan,nan
nan,0.20705688,nan,nan,nan,nan,0.08890176,0.28788292,0.15515947,nan,nan,nan
nan,0.17741394,nan,nan,nan,nan,0.09532809,0.15580201,0.15523088,nan,nan,nan
nan,0.117230415,nan,nan,nan,nan,0.07424736,nan,0.010831356,nan,nan,nan
nan,0.08548808,nan,nan,nan,nan,0.07940757,-0.0016441345,0.037066698,nan,nan,nan
nan,0.062958,nan,nan,nan,nan,0.080546856,-0.0016317368,0.008147955,nan,nan,nan
nan,0.040695906,nan,nan,nan,nan,0.051641464,-0.02362609,-0.03567767,nan,nan,nan
nan,0.029092312,nan,nan,nan,nan,0.023453712,-0.047019005,-0.061564922,nan,nan,nan
nan,0.023533821,nan,nan,nan,nan,-0.013281584,-0.061157465,-0.07077646,nan,nan,nan
nan,0.013701677,nan,nan,nan,nan,-0.022091389,-0.06584835,-0.09074044,nan,nan,nan
nan,0.0021343231,nan,nan,nan,nan,-0.03520608,-0.067261934,-0.08751488,nan,nan,nan
nan,-0.0025820732,nan,nan,nan,nan,-0.047159195,-0.06439924,-0.08616352,nan,nan,nan
nan,0.001966238,nan,nan,nan,nan,-0.022183657,-0.05766177,-0.077405214,nan,nan,nan
nan,0.032938242,nan,nan,nan,nan,-0.02132845,-0.053925276,-0.06740999,nan,nan,nan
nan,0.07611275,nan,nan,nan,nan,-0.024950266,-0.05168748,-0.05426669,nan,nan,nan
nan,0.10329676,nan,nan,nan,nan,-0.024449825,-0.060364246,-0.04016018,nan,nan,nan
nan,0.11791158,nan,nan,nan,nan,-0.0442698,-0.073871374,-0.03662038,nan,nan,nan
nan,0.13178444,nan,nan,nan,nan,-0.10308838,-0.089161396,-0.041146517,nan,nan,nan
nan,0.16335523,nan,nan,nan,nan,-0.12011671,-0.10856843,-0.050370455,nan,nan,nan
nan,0.16342902,nan,nan,nan,nan,-0.118857145,-0.13004088,-0.07692194,nan,nan,nan
nan,0.114108086,nan,nan,nan,nan,-0.104464054,-0.14022183,-0.1037662,nan,nan,nan
nan,0.079221964,nan,nan,nan,nan,-0.09268856,-0.15423346,-0.11577463,nan,nan,nan
nan,0.038104057,nan,nan,nan,nan,-0.08798671,-0.15790248,-0.12667465,nan,nan,nan
nan,-0.0005671978,nan,nan,nan,nan,-0.081638336,-0.1597507,-0.1420989,nan,nan,nan
nan,-0.031790733,nan,nan,nan,nan,-0.07673311,-0.16552854,-0.15820599,nan,nan,nan
nan,-0.04889393,nan,nan,nan,nan,-0.078158855,-0.16591525,-0.16903043,nan,nan,nan
nan,-0.06713414,nan,nan,nan,nan,-0.060800314,-0.16640496,-0.1709652,nan,nan,nan
nan,-0.07188773,nan,nan,nan,nan,-0.0532372,-0.1632576,-0.16700387,nan,nan,nan
nan,-0.06921077,nan,nan,nan,nan,-0.025194645,-0.14628625,-0.15773082,nan,nan,nan
nan,-0.07049775,nan,nan,nan,nan,0.029808044,-0.089579344,-0.14402032,nan,nan,nan
nan,-0.080396414,nan,nan,nan,nan,0.032951355,0.14117384,0.06208563,nan,nan,nan
nan,-0.062292337,nan,nan,nan,nan,-0.039330006,0.649627,0.54387164,nan,nan,nan
nan,-0.0026409626,nan,nan,nan,nan,-0.03443432,1.4116842,1.5,nan,nan,nan
nan,-0.17294955,nan,nan,nan,nan,0.07488823,1.0016183,1.1588277,nan,nan,nan
nan,-0.42674208,nan,nan,nan,nan,0.28101408,-0.08302188,-0.0127465725,nan,nan,nan
nan,-0.4410169,nan,nan,nan,nan,0.5451968,-0.530287,-0.74430394,nan,nan,nan
nan,-0.35951614,nan,nan,nan,nan,0.6055261,-0.53278995,-0.68615675,nan,nan,nan
nan,-0.3143618,nan,nan,nan,nan,0.49939084,-0.64293647,-0.6729319,nan,nan,nan
nan,-0.32132792,nan,nan,nan,nan,0.40053558,-0.62362075,-0.7086327,nan,nan,nan
nan,-0.33930826,nan,nan,nan,nan,0.28140962,-0.500082,-0.50546813,nan,nan,nan
nan,-0.29188585,nan,nan,nan,nan,0.109938145,-0.39096665,-0.44840002,nan,nan,nan
nan,-0.18656611,nan,nan,nan,nan,-0.0029666424,-0.25011396,-0.32850075,nan,nan,nan
nan,-0.06371379,nan,nan,nan,nan,-0.057635307,-0.15188456,-0.15972471,nan,nan,nan
nan,-0.015161514,nan,nan,nan,nan,-0.095272064,-0.10894847,-0.109552145,nan,nan,nan
nan,0.0017354488,nan,nan,nan,nan,-0.114014626,-0.08754039,-0.07330084,nan,nan,nan
nan,0.02468133,nan,nan,nan,nan,-0.1292026,-0.071567774,-0.046271324,nan,nan,nan
nan,0.047930002,nan,nan,nan,nan,-0.14432144,-0.055096388,-0.032108307,nan,nan,nan
nan,0.05919385,nan,nan,nan,nan,-0.15234327,-0.031181097,-0.012342215,nan,nan,nan
nan,0.061894417,nan,nan,nan,nan,-0.15875435,-0.0046203136,0.019017935,nan,nan,nan
nan,0.065084934,nan,nan,nan,nan,-0.1717143,0.025867939,0.062245846,nan,nan,nan
nan,0.07306123,nan,nan,nan,nan,-0.18045974,0.061539054,0.09620166,nan,nan,nan
nan,0.096363306,nan,nan,nan,nan,-0.19684553,0.111002445,0.15171933,nan,nan,nan
nan,0.11923981,nan,nan,nan,nan,-0.21636677,0.16832638,0.20988023,nan,nan,nan
nan,0.1514008,nan,nan,nan,nan,-0.22001195,0.22631383,0.30802977,nan,nan,nan
nan,0.18643284,nan,nan,nan,nan,-0.21281981,0.28537667,0.37143016,nan,nan,nan
nan,0.21703744,nan,nan,nan,nan,-0.20443511,0.34174252,0.438223,nan,nan,nan
nan,0.24267769,nan,nan,nan,nan,-0.16235614,0.39100003,0.4914236,nan,nan,nan
nan,0.26632142,nan,nan,nan,nan,-0.111783504,0.3907478,0.5133053,nan,nan,nan
nan,0.26575983,nan,nan,nan,nan,-0.047139883,0.37185824,0.49318492,nan,nan,nan
nan,0.242903,nan,nan,nan,nan,0.025756836,0.30810404,0.41077256,nan,nan,nan
nan,0.19800282,nan,nan,nan,nan,0.07601762,0.2664324,0.34796548,nan,nan,nan
nan,0.15010178,nan,nan,nan,nan,0.09261048,0.21231723,0.27967453,nan,nan,nan
nan,0.11097932,nan,nan,nan,nan,0.08687258,0.16532385,0.19869924,nan,nan,nan
nan,0.08264375,nan,nan,nan,nan,0.07314563,0.100281954,0.11787701,nan,nan,nan
nan,0.06936669,nan,nan,nan,nan,0.05098152,0.04369378,0.06445789,nan,nan,nan
nan,0.062392235,nan,nan,nan,nan,0.0270226,0.0050053596,0.025515556,nan,nan,nan
nan,0.057781458,nan,nan,nan,nan,0.012428522,-0.021795988,-0.006940365,nan,nan,nan
nan,0.044272423,nan,nan,nan,nan,-0.0007791519,-0.034974337,-0.020106792,nan,nan,nan
nan,0.031414032,nan,nan,nan,nan,-0.009801149,-0.04030776,-0.028737068,nan,nan,nan
nan,0.018170118,nan,nan,nan,nan,-0.015328407,-0.052218676,-0.045298576,nan,nan,nan
nan,0.004164219,nan,nan,nan,nan,-0.027500153,-0.045259953,-0.046198368,nan,nan,nan
nan,0.0072419643,nan,nan,nan,nan,-0.040124416,-0.024660349,-0.038577557,nan,nan,nan
nan,0.044187784,nan,nan,nan,nan,-0.047181368,-0.01872921,-0.028241158,nan,nan,nan
nan,0.09008145,nan,nan,nan,nan,-0.039628983,-0.01845336,-0.010706425,nan,nan,nan
nan,0.12397313,nan,nan,nan,nan,-0.028069973,-0.02157569,-0.007642269,nan,nan,nan
nan,0.13742137,nan,nan,nan,nan,-0.046401978,-0.034319162,-0.014271021,nan,nan,nan
nan,0.14125752,nan,nan,nan,nan,-0.077596664,-0.047544003,-0.0072977543,nan,nan,nan
nan,0.16082811,nan,nan,nan,nan,-0.10024023,-0.064673185,0.0115299225,nan,nan,nan
nan,0.14124429,nan,nan,nan,nan,-0.112057924,-0.073984385,0.00568223,nan,nan,nan
nan,0.11544943,nan,nan,nan,nan,-0.11499143,-0.093355894,-0.028670311,nan,nan,nan
nan,0.07955241,nan,nan,nan,nan,-0.10428858,-0.10113096,-0.04556465,nan,nan,nan
nan,0.038778543,nan,nan,nan,nan,-0.093482494,-0.1137228,-0.067718506,nan,nan,nan
nan,0.0058426857,nan,nan,nan,nan,-0.08576107,-0.12559628,-0.08718252,nan,nan,nan
nan,-0.029009104,nan,nan,nan,nan,-0.075038195,-0.13635612,-0.09954214,nan,nan,nan
nan,-0.047403574,nan,nan,nan,nan,-0.06619835,-0.14203,-0.1048913,nan,nan,nan
nan,-0.060464144,nan,nan,nan,nan,-0.05353141,-0.14413261,-0.11311245,nan,nan,nan
nan,-0.06664872,nan,nan,nan,nan,-0.045285225,-0.1377747,-0.10678434,nan,nan,nan
nan,-0.06817675,nan,nan,nan,nan,-0.02175808,-0.12449956,-0.102216244,nan,nan,nan
nan,-0.06416249,nan,nan,nan,nan,0.032896996,-0.09279704,-0.11359739,nan,nan,nan
nan,-0.060711145,nan,nan,nan,nan,0.04163003,0.17135453,0.07103014,nan,nan,nan
nan,-0.039679766,nan,nan,nan,nan,-0.04010701,0.7177975,0.5803721,nan,nan,nan
nan,0.0077929497,nan,nan,nan,nan,-0.037902355,1.4677405,1.5,nan,nan,nan
nan,-0.17518973,nan,nan,nan,nan,0.07644653,1.0824884,1.3206186,nan,nan,nan
nan,-0.36502028,nan,nan,nan,nan,0.29634762,-0.26319242,-0.19183111,nan,nan,nan
nan,-0.47089624,nan,nan,nan,nan,0.52459466,-0.55827856,-0.7513492,nan,nan,nan
nan,-0.3853643,nan,nan,nan,nan,0.6212355,-0.55295587,-0.7203078,nan,nan,nan
nan,-0.34864974,nan,nan,nan,nan,0.58385885,-0.6597574,-0.6968341,nan,nan,nan
nan,-0.35813284,nan,nan,nan,nan,0.5512953,-0.67567897,-0.71617603,nan,nan,nan
nan,-0.38032556,nan,nan,nan,nan,0.42774534,-0.556932,-0.6947727,nan,nan,nan
nan,-0.3175652,nan,nan,nan,nan,0.17861235,-0.37404013,-0.48517418,nan,nan,nan
nan,-0.21886277,nan,nan,nan,nan,0.02061081,-0.25603414,-0.32511735,nan,nan,nan
nan,-0.09499931,nan,nan,nan,nan,-0.05287075,-0.12721372,-0.16377378,nan,nan,nan
nan,-0.03370738,nan,nan,nan,nan,-0.088465214,-0.07301831,-0.079087734,nan,nan,nan
nan,-0.00228405,nan,nan,nan,nan,-0.10500741,-0.043992043,-0.048484802,nan,nan,nan
nan,0.01986003,nan,nan,nan,nan,-0.11667538,-0.03207326,-0.028434992,nan,nan,nan
nan,0.03382635,nan,nan,nan,nan,-0.12745023,-0.017014742,-0.007045269,nan,nan,nan
nan,0.047205687,nan,nan,nan,nan,-0.1428268,-0.0012083054,0.020552397,nan,nan,nan
nan,0.055884123,nan,nan,nan,nan,-0.14492655,0.02498579,0.049942017,nan,nan,nan
nan,0.06706023,nan,nan,nan,nan,-0.16411734,0.05538869,0.07800746,nan,nan,nan
nan,0.093146324,nan,nan,nan,nan,-0.17909288,0.0924716,0.12034273,nan,nan,nan
nan,0.11416054,nan,nan,nan,nan,-0.19448805,0.13196993,0.1699605,nan,nan,nan
nan,0.12932563,nan,nan,nan,nan,-0.22157168,0.1834712,0.2263031,nan,nan,nan
nan,0.1520977,nan,nan,nan,nan,-0.23172164,0.23950994,0.2873639,nan,nan,nan
nan,0.17447925,nan,nan,nan,nan,-0.22760153,0.29384315,0.3546865,nan,nan,nan
nan,0.2032398,nan,nan,nan,nan,-0.21385455,0.35031033,0.42674422,nan,nan,nan
nan,0.22818041,nan,nan,nan,nan,-0.1898911,0.39724863,0.47818637,nan,nan,nan
nan,0.24600351,nan,nan,nan,nan,-0.13637471,0.4116019,0.5052483,nan,nan,nan
nan,0.24286187,nan,nan,nan,nan,-0.075136185,0.39232922,0.4916849,nan,nan,nan
nan,0.22635627,nan,nan,nan,nan,0.0027635098,0.36740005,0.45381212,nan,nan,nan
nan,0.20839643,nan,nan,nan,nan,0.048897266,0.28820384,0.34606862,nan,nan,nan
nan,0.17238796,nan,nan,nan,nan,0.069363594,0.2141571,0.2895112,nan,nan,nan
nan,0.121195555,nan,nan,nan,nan,0.07178068,0.14548278,0.203704,nan,nan,nan
nan,0.077708244,nan,nan,nan,nan,0.06271076,0.10066056,0.12169576,nan,nan,nan
nan,0.057127953,nan,nan,nan,nan,0.05665946,0.059407353,0.07797742,nan,nan,nan
nan,0.043138266,nan,nan,nan,nan,0.044306755,0.017461777,0.041825056,nan,nan,nan
nan,0.03246808,nan,nan,nan,nan,0.03145504,-0.008186579,0.020179749,nan,nan,nan
nan,0.024372578,nan,nan,nan,nan,0.010507584,-0.0250566,0.0052428246,nan,nan,nan
nan,0.014336348,nan,nan,nan,nan,-0.0012073517,-0.034412146,-0.010167122,nan,nan,nan
nan,0.009629011,nan,nan,nan,nan,-0.008649826,-0.047386885,-0.025847673,nan,nan,nan
nan,0.011390924,nan,nan,nan,nan,-0.017205238,-0.06033182,-0.03044939,nan,nan,nan
nan,0.024503708,nan,nan,nan,nan,-0.01769352,-0.057388306,-0.026228428,nan,nan,nan
nan,0.042538643,nan,nan,nan,nan,-0.0013437271,-0.047557592,-0.010451317,nan,nan,nan
nan,0.06692529,nan,nan,nan,nan,0.005112648,-0.04220009,-0.0018930435,nan,nan,nan
nan,0.09849477,nan,nan,nan,nan,-0.0015990734,-0.040495157,-0.0019845963,nan,nan,nan
nan,0.11879492,nan,nan,nan,nan,-0.022713661,-0.047611,-0.0029025078,nan,nan,nan
nan,0.13942122,nan,nan,nan,nan,-0.07274842,-0.056671143,-0.0017137527,nan,nan,nan
nan,0.14865279,nan,nan,nan,nan,-0.10555935,-0.07879543,0.003321886,nan,nan,nan
nan,0.13728261,nan,nan,nan,nan,-0.109289885,-0.09080148,-0.011829853,nan,nan,nan
nan,0.1182425,nan,nan,nan,nan,-0.10376787,-0.1089766,-0.031653404,nan,nan,nan
nan,0.08273339,nan,nan,nan,nan,-0.09748459,-0.13288021,-0.054787636,nan,nan,nan
nan,0.049199343,nan,nan,nan,nan,-0.093315125,-0.13753486,-0.07828426,nan,nan,nan
nan,-0.0023715496,nan,nan,nan,nan,-0.08750343,-0.15261197,-0.10077572,nan,nan,nan
nan,-0.035550833,nan,nan,nan,nan,-0.07302427,-0.1461575,-0.11550236,nan,nan,nan
nan,-0.050000906,nan,nan,nan,nan,-0.06641197,-0.14812326,-0.13317823,nan,nan,nan
nan,-0.057079792,nan,nan,nan,nan,-0.054602146,-0.14845037,-0.16364598,nan,nan,nan
nan,-0.06142378,nan,nan,nan,nan,-0.05006051,-0.15055013,-0.17904544,nan,nan,nan
nan,-0.059581995,nan,nan,nan,nan,-0.029088497,-0.1350801,-0.17765665,nan,nan,nan
nan,-0.056135416,nan,nan,nan,nan,0.026236773,-0.11983323,-0.15690565,nan,nan,nan
nan,-0.05356431,nan,nan,nan,nan,0.0362041,0.12375867,0.015906334,nan,nan,nan
nan,-0.038853884,nan,nan,nan,nan,-0.057382584,0.6483058,0.5163417,nan,nan,nan
nan,0.021003246,nan,nan,nan,nan,-0.08618474,1.2025224,1.4247584,nan,nan,nan
nan,-0.065959215,nan,nan,nan,nan,0.021600246,0.9742516,1.1152306,nan,nan,nan
nan,-0.4246087,nan,nan,nan,nan,0.36181378,-0.118733644,-0.16582155,nan,nan,nan
nan,-0.4522655,nan,nan,nan,nan,0.587005,-0.53404355,-0.7681217,nan,nan,nan
nan,-0.35968232,nan,nan,nan,nan,0.7131891,-0.52249026,-0.7579284,nan,nan,nan
nan,-0.32016683,nan,nan,nan,nan,0.6535162,-0.6322918,-0.71656775,nan,nan,nan
nan,-0.34087896,nan,nan,nan,nan,0.6200321,-0.6542599,-0.73804426,nan,nan,nan
nan,-0.36994767,nan,nan,nan,nan,0.5178213,-0.59794974,-0.72234726,nan,nan,nan
nan,-0.29877448,nan,nan,nan,nan,0.27590656,-0.36696458,-0.5009582,nan,nan,nan
nan,-0.22124434,nan,nan,nan,nan,0.10801959,-0.32333446,-0.35083723,nan,nan,nan
nan,-0.05732131,nan,nan,nan,nan,-0.03431773,-0.13204217,-0.22980595,nan,nan,nan
nan,-0.009945154,nan,nan,nan,nan,-0.08534241,-0.09072757,-0.12231827,nan,nan,nan
nan,0.017057657,nan,nan,nan,nan,-0.09618473,-0.06839037,-0.088213444,nan,nan,nan
nan,0.03735614,nan,nan,nan,nan,-0.11296773,-0.05410123,-0.068253994,nan,nan,nan
nan,0.043836117,nan,nan,nan,nan,-0.12352133,-0.041570902,-0.048032045,nan,nan,nan
nan,0.041567087,nan,nan,nan,nan,-0.13695717,-0.022271872,-0.027329445,nan,nan,nan
nan,0.048052073,nan,nan,nan,nan,-0.15295172,-5.00679e-05,0.003051281,nan,nan,nan
nan,0.066585064,nan,nan,nan,nan,-0.17143607,0.028862953,0.03695178,nan,nan,nan
nan,0.07775235,nan,nan,nan,nan,-0.19813204,0.06117201,0.06382632,nan,nan,nan
nan,0.101174116,nan,nan,nan,nan,-0.22400904,0.10316491,0.10129237,nan,nan,nan
nan,0.12325764,nan,nan,nan,nan,-0.2495699,0.14745104,0.14222622,nan,nan,nan
nan,0.1409775,nan,nan,nan,nan,-0.2714038,0.18961763,0.21885288,nan,nan,nan
nan,0.16489601,nan,nan,nan,nan,-0.2814927,0.230052,0.27873278,nan,nan,nan
nan,0.20670807,nan,nan,nan,nan,-0.2695775,0.29821277,0.34395063,nan,nan,nan
nan,0.23340523,nan,nan,nan,nan,-0.23412395,0.345778,0.405864,nan,nan,nan
nan,0.2508911,nan,nan,nan,nan,-0.17954922,0.3702327,0.43142772,nan,nan,nan
nan,0.2530601,nan,nan,nan,nan,-0.11721134,0.37350368,0.43012035,nan,nan,nan
nan,0.2358284,nan,nan,nan,nan,-0.030047178,0.35157883,0.40096772,nan,nan,nan
nan,0.21787453,nan,nan,nan,nan,0.03008461,0.31242847,0.34660685,nan,nan,nan
nan,0.177477,nan,nan,nan,nan,0.04466343,0.23569751,0.2727375,nan,nan,nan
nan,0.11205745,nan,nan,nan,nan,0.049356937,0.17942643,0.19585872,nan,nan,nan
nan,0.0908134,nan,nan,nan,nan,0.044196844,0.10253811,0.10847139,nan,nan,nan
nan,0.08314991,nan,nan,nan,nan,0.040426016,0.0685755,0.044002533,nan,nan,nan
nan,0.068725824,nan,nan,nan,nan,0.030748129,0.015267372,0.012861729,nan,nan,nan
nan,0.05872798,nan,nan,nan,nan,0.025140762,-0.009903669,-0.022428036,nan,nan,nan
nan,0.044600725,nan,nan,nan,nan,0.003907442,-0.0345304,-0.035620213,nan,nan,nan
nan,0.035034418,nan,nan,nan,nan,-0.00541687,-0.050772905,-0.047261477,nan,nan,nan
nan,0.02569127,nan,nan,nan,nan,-0.017797947,-0.060785055,-0.04683256,nan,nan,nan
nan,0.01939845,nan,nan,nan,nan,-0.023248672,-0.066719055,-0.04156804,nan,nan,nan
nan,0.025684834,nan,nan,nan,nan,-0.020103931,-0.06738877,-0.040154934,nan,nan,nan
nan,0.051873922,nan,nan,nan,nan,-0.0123410225,-0.07023454,-0.03890133,nan,nan,nan
nan,0.08499837,nan,nan,nan,nan,-0.008479595,-0.06253195,-0.030759573,nan,nan,nan
nan,0.11510968,nan,nan,nan,nan,-0.008310556,-0.060459852,-0.028680325,nan,nan,nan
nan,0.11498833,nan,nan,nan,nan,-0.028973103,-0.061970234,-0.030276537,nan,nan,nan
nan,0.1365242,nan,nan,nan,nan,-0.069701195,-0.06498909,-0.030706406,nan,nan,nan
nan,0.15537834,nan,nan,nan,nan,-0.10119295,-0.0771122,-0.03168869,nan,nan,nan
nan,0.15364349,nan,nan,nan,nan,-0.11022043,-0.09384537,-0.047379732,nan,nan,nan
nan,0.13614392,nan,nan,nan,nan,-0.10840225,-0.12074447,-0.06553459,nan,nan,nan
nan,0.10602784,nan,nan,nan,nan,-0.0955596,-0.13425565,-0.08371687,nan,nan,nan
nan,0.06436181,nan,nan,nan,nan,-0.08630133,-0.13744855,-0.10677385,nan,nan,nan
nan,0.0064349174,nan,nan,nan,nan,-0.076731205,-0.1476841,-0.12551999,nan,nan,nan
nan,-0.031466722,nan,nan,nan,nan,-0.06939554,-0.15391874,-0.14886808,nan,nan,nan
nan,-0.043966055,nan,nan,nan,nan,-0.057962656,-0.14878964,-0.14827824,nan,nan,nan
nan,-0.05699134,nan,nan,nan,nan,-0.050619602,-0.13507056,-0.13729858,nan,nan,nan
nan,-0.06027341,nan,nan,nan,nan,-0.03661728,-0.12638593,-0.13634896,nan,nan,nan
nan,-0.070423365,nan,nan,nan,nan,-0.018340588,-0.12087083,-0.12608933,nan,nan,nan
nan,-0.07268834,nan,nan,nan,nan,0.041350365,-0.12093043,-0.10280228,nan,nan,nan
nan,-0.057103395,nan,nan,nan,nan,0.070669174,0.091285706,-0.028186798,nan,nan,nan
nan,-0.04078555,nan,nan,nan,nan,-0.0671947,0.5199212,0.44037104,nan,nan,nan
nan,0.010642052,nan,nan,nan,nan,-0.13868403,1.1861626,1.3740404,nan,nan,nan
nan,-0.020880938,nan,nan,nan,nan,-0.0344944,1.3178494,1.2582824,nan,nan,nan
nan,-0.32159877,nan,nan,nan,nan,0.25767767,0.023503542,0.032655,nan,nan,nan
nan,-0.45824075,nan,nan,nan,nan,0.58582497,-0.40956378,-0.74000454,nan,nan,nan
nan,-0.3833089,nan,nan,nan,nan,0.7750124,-0.42431855,-0.7351253,nan,nan,nan
nan,-0.34486318,nan,nan,nan,nan,0.7185855,-0.56553745,-0.6356795,nan,nan,nan
nan,-0.34601283,nan,nan,nan,nan,0.668625,-0.6255293,-0.70279264,nan,nan,nan
nan,-0.36196017,nan,nan,nan,nan,0.5657779,-0.6219537,-0.72132564,nan,nan,nan
nan,-0.32640362,nan,nan,nan,nan,0.3025682,-0.35197496,-0.50517154,nan,nan,nan
nan,-0.21118712,nan,nan,nan,nan,0.09408295,-0.25450683,-0.29936934,nan,nan,nan
nan,-0.10747409,nan,nan,nan,nan,-0.0023374557,-0.14647436,-0.2241733,nan,nan,nan
nan,-0.027847528,nan,nan,nan,nan,-0.080444336,-0.10249305,-0.15290141,nan,nan,nan
nan,0.006766796,nan,nan,nan,nan,-0.10551643,-0.067310095,-0.07556963,nan,nan,nan
nan,0.018695593,nan,nan,nan,nan,-0.12792683,-0.05038047,-0.04361415,nan,nan,nan
nan,0.028432608,nan,nan,nan,nan,-0.14374304,-0.035067797,-0.022116661,nan,nan,nan
nan,0.035338163,nan,nan,nan,nan,-0.15447593,-0.015655518,-0.0068879128,nan,nan,nan
nan,0.047988176,nan,nan,nan,nan,-0.16539669,0.016576052,0.023939371,nan,nan,nan
nan,0.062033415,nan,nan,nan,nan,-0.18336558,0.03965974,0.054030895,nan,nan,nan
nan,0.073875904,nan,nan,nan,nan,-0.20403719,0.048865438,0.08435297,nan,nan,nan
nan,0.07952237,nan,nan,nan,nan,-0.21679735,0.055024862,0.109219074,nan,nan,nan
nan,0.10046935,nan,nan,nan,nan,nan,nan,nan,-0.23780465,0.04119706,0.093051314
nan,0.123767376,nan,nan,nan,nan,nan,nan,nan,0.26199985,0.18549097,0.12096703
nan,0.15409184,nan,nan,nan,nan,nan,nan,nan,0.30139577,0.25262046,0.15954351
nan,0.19675636,nan,nan,nan,nan,nan,nan,nan,0.33608663,0.28107405,0.19180214
nan,0.2304306,nan,nan,nan,nan,nan,nan,nan,0.3070537,0.2946086,0.21001029
nan,0.24804235,nan,nan,nan,nan,nan,nan,nan,0.26241565,0.25376534,0.23269582
nan,0.25434208,nan,nan,nan,nan,nan,nan,nan,0.2470777,0.22110224,0.203547
nan,0.2315191,nan,nan,nan,nan,nan,nan,nan,0.120530844,0.13634491,0.18374825
nan,0.21212971,nan,nan,nan,nan,nan,nan,nan,0.08451033,0.08197379,0.13874221
nan,0.19241047,nan,nan,nan,nan,nan,nan,nan,0.060983777,-0.025817871,0.09461033
nan,0.16921616,nan,nan,nan,nan,nan,nan,nan,0.23233056,0.03054142,0.14566123
nan,0.12059331,nan,nan,nan,nan,nan,nan,nan,0.033074617,0.030150414,0.06963682
nan,0.088849306,nan,nan,nan,nan,nan,nan,nan,-0.0065836906,-0.0073304176,-0.03296852
nan,0.040400743,nan,nan,nan,nan,nan,nan,nan,-0.0248847,-0.023368597,-0.03743744
nan,0.0076482296,nan,nan,nan,nan,nan,nan,nan,-0.03786707,-0.04221058,-0.043531656
nan,-0.0009434223,nan,nan,nan,nan,nan,nan,nan,-0.047446966,-0.052648067,-0.05185342
nan,-0.0038042068,nan,nan,nan,nan,nan,nan,nan,-0.044852734,-0.04128313,-0.06616616
nan,0.011149645,nan,nan,nan,nan,nan,nan,nan,-0.03790307,-0.027723074,-0.06581521
nan,0.01702094,nan,nan,nan,nan,nan,nan,nan,-0.032124996,-0.025156736,-0.04869151
nan,0.030233145,nan,nan,nan,nan,nan,nan,nan,-0.030534267,-0.021427631,-0.040994644
nan,0.05735016,nan,nan,nan,nan,nan,nan,nan,-0.027625084,0.098662615,-0.032088995
nan,0.094475746,nan,nan,nan,nan,nan,nan,nan,-0.01775074,0.11548185,-0.019304276
nan,0.12508845,nan,nan,nan,nan,nan,nan,nan,0.0005016327,-0.008032799,-0.005594015
nan,0.14758372,nan,nan,nan,nan,nan,nan,nan,0.014367104,0.001897335,0.015326977
nan,0.17673242,nan,nan,nan,nan,nan,nan,nan,0.017612696,0.030073404,0.03631425
nan,0.1840167,nan,nan,nan,nan,nan,nan,nan,-0.006082058,0.04001558,0.0319407
nan,0.14972496,nan,nan,nan,nan,nan,nan,nan,-0.021397114,0.047756553,0.0135240555
nan,0.12872982,nan,nan,nan,nan,nan,nan,nan,-0.043199778,0.0014699697,-0.0028867722
nan,0.07929921,nan,nan,nan,nan,nan,nan,nan,-0.07889366,-0.016323566,-0.027525425
nan,0.037032366,nan,nan,nan,nan,nan,nan,nan,-0.10764408,-0.06377792,-0.062205076
nan,-0.0005943775,nan,nan,nan,nan,nan,nan,nan,-0.12017274,-0.08351874,-0.07477522
nan,-0.026949883,nan,nan,nan,nan,nan,nan,nan,-0.12855387,-0.09639192,-0.09216809
nan,-0.037599802,nan,nan,nan,nan,nan,nan,nan,-0.12620473,-0.11911273,-0.1196506
nan,-0.050227642,nan,nan,nan,nan,nan,nan,nan,-0.123464584,-0.11445379,-0.1190927
nan,-0.040970325,nan,nan,nan,nan,nan,nan,nan,-0.11749315,-0.11158323,-0.118956804
nan,-0.036685705,nan,nan,nan,nan,nan,nan,nan,-0.06843758,-0.0966053,-0.117254734
nan,-0.035160303,nan,nan,nan,nan,nan,nan,nan,0.068088174,-0.0024362803,-0.08862543
nan,-0.043418646,nan,nan,nan,nan,nan,nan,nan,0.61530256,0.3018129,0.023244381
nan,-0.020379782,nan,nan,nan,nan,nan,nan,nan,0.90173495,0.58437085,0.31634724
nan,0.009768724,nan,nan,nan,nan,nan,nan,nan,0.2614473,0.6442884,0.50376177
nan,-0.17722964,nan,nan,nan,nan,nan,nan,nan,-0.41891813,0.051851988,0.29189885
nan,-0.3592713,nan,nan,nan,nan,nan,nan,nan,-0.7917602,-0.28375578,-0.07233906
nan,-0.33817482,nan,nan,nan,nan,nan,nan,nan,-0.68127966,-0.44449544,-0.2231741
nan,-0.28951168,nan,nan,nan,nan,nan,nan,nan,-0.60370517,-0.49039316,-0.3437178
nan,-0.26769376,nan,nan,nan,nan,nan,nan,nan,-0.5871234,-0.5016477,-0.3864355
nan,-0.31224275,nan,nan,nan,nan,nan,nan,nan,-0.5907583,-0.49479556,-0.39912772
nan,-0.3172009,nan,nan,nan,nan,nan,nan,nan,-0.46632147,-0.44718337,-0.39231133
nan,-0.23084044,nan,nan,nan,nan,nan,nan,nan,-0.34695482,-0.3284936,-0.30413342
nan,-0.12973857,nan,nan,nan,nan,nan,nan,nan,-0.17070913,-0.19979048,-0.20203161
nan,-0.04477763,nan,nan,nan,nan,nan,nan,nan,-0.11231542,-0.11689067,-0.1342659
nan,-0.0013189316,nan,nan,nan,nan,nan,nan,nan,-0.08227396,-0.0815382,-0.100563526
nan,0.018993616,nan,nan,nan,nan,nan,nan,nan,-0.059863567,-0.07353163,-0.080886364
nan,0.034898758,nan,nan,nan,nan,nan,nan,nan,-0.036043406,-0.05391836,-0.07190251
nan,0.049374104,nan,nan,nan,nan,nan,nan,nan,-0.01916194,-0.03790164,-0.05486417
nan,0.043718815,nan,nan,nan,nan,nan,nan,nan,0.0025720596,-0.019523382,-0.03851366
nan,0.045892954,nan,nan,nan,nan,nan,nan,nan,0.022325516,-0.004725337,-0.026641369
nan,0.05786681,nan,nan,nan,nan,nan,nan,nan,0.06108141,0.015460253,-0.00896883
nan,0.08372617,nan,nan,nan,nan,nan,nan,nan,0.11191738,0.0629859,0.019042015
nan,0.115116835,nan,nan,nan,nan,nan,nan,nan,0.16275406,0.10603893,0.053347826
nan,0.13156271,nan,nan,nan,nan,nan,nan,nan,0.21613765,0.15679467,0.08921623
nan,0.14784229,nan,nan,nan,nan,nan,nan,nan,0.27446198,0.21290112,0.123948574
nan,0.17287731,nan,nan,nan,nan,nan,nan,nan,0.33189368,0.26166642,0.16472852
nan,0.20922756,nan,nan,nan,nan,nan,nan,nan,0.3693037,0.28364468,0.18990052
nan,0.24645352,nan,nan,nan,nan,nan,nan,nan,0.3930645,0.28827894,0.20313191
nan,0.26166105,nan,nan,nan,nan,nan,nan,nan,0.38340545,0.27561402,0.1989342
nan,0.2631923,nan,nan,nan,nan,nan,nan,nan,0.3252176,0.253783,0.18140018
nan,0.22297275,nan,nan,nan,nan,nan,nan,nan,0.25939214,0.17618942,0.15065002
nan,0.19550478,nan,nan,nan,nan,nan,nan,nan,0.17837024,0.112142205,0.076376915
nan,0.15906215,nan,nan,nan,nan,nan,nan,nan,0.10649967,0.055827737,0.037632704
nan,0.12529755,nan,nan,nan,nan,nan,nan,nan,0.054583073,0.0033915043,0.0055556297
nan,0.08741307,nan,nan,nan,nan,nan,nan,nan,0.021819353,-0.017725468,-0.029850483
nan,0.076583624,nan,nan,nan,nan,nan,nan,nan,-0.034235954,-0.032416582,-0.04235363
nan,0.050695658,nan,nan,nan,nan,nan,nan,nan,-0.049319744,-0.05148506,-0.052464247
nan,0.037882328,nan,nan,nan,nan,nan,nan,nan,-0.046524525,-0.05331564,-0.047183275
nan,0.0397923,nan,nan,nan,nan,nan,nan,nan,-0.04583454,-0.07110143,-0.041986704
nan,0.04805398,nan,nan,nan,nan,nan,nan,nan,-0.038871527,-0.067228794,-0.0400455
nan,0.058796167,nan,nan,nan,nan,nan,nan,nan,-0.03512907,-0.05435109,-0.033905745
nan,0.062785625,nan,nan,nan,nan,nan,nan,nan,-0.03967476,-0.036922693,-0.028445244
nan,0.06860781,nan,nan,nan,nan,nan,nan,nan,-0.022461891,-0.03311801,-0.023903847
nan,0.08578086,nan,nan,nan,nan,nan,nan,nan,-0.016811848,-0.026652813,-0.0201962
nan,0.11404753,nan,nan,nan,nan,nan,nan,nan,-0.009442329,-0.019192219,-0.010658264
nan,0.13710546,nan,nan,nan,nan,nan,nan,nan,-0.00674963,-0.006549716,-0.0027127266
nan,0.16299522,nan,nan,nan,nan,nan,nan,nan,0.0011963844,0.00022375584,0.00663805
nan,0.17686296,nan,nan,nan,nan,nan,nan,nan,-0.008780956,-0.0033471584,0.018572807
nan,0.15281773,nan,nan,nan,nan,nan,nan,nan,-0.018722057,-0.014554024,0.02287674
nan,0.13565993,nan,nan,nan,nan,nan,nan,nan,-0.037477493,-0.021100521,0.01181078
nan,0.09786773,nan,nan,nan,nan,nan,nan,nan,-0.053097725,-0.03222227,-0.002203703
nan,0.056830645,nan,nan,nan,nan,nan,nan,nan,-0.06959295,-0.064943075,-0.029716492
nan,0.010112524,nan,nan,nan,nan,nan,nan,nan,-0.10184336,-0.10568786,-0.048796177
nan,-0.03245759,nan,nan,nan,nan,nan,nan,nan,-0.10845423,-0.12313938,-0.06280661
nan,-0.0477798,nan,nan,nan,nan,nan,nan,nan,-0.114947796,-0.13578176,-0.07942867
nan,-0.069927216,nan,nan,nan,nan,nan,nan,nan,-0.115695,-0.14334917,-0.07849455
nan,-0.07338071,nan,nan,nan,nan,nan,nan,nan,-0.10742831,-0.15448046,-0.082360506
nan,-0.06534982,nan,nan,nan,nan,nan,nan,nan,-0.09486437,-0.12772846,-0.08077669
nan,-0.055749655,nan,nan,nan,nan,nan,nan,nan,-0.011671305,-0.10323453,-0.06369972
nan,-0.067225456,nan,nan,nan,nan,nan,nan,nan,0.40009403,0.054797053,-0.017381907
nan,-0.062078238,nan,nan,nan,nan,nan,nan,nan,0.83260894,0.55478764,0.23233461
nan,0.007409334,nan,nan,nan,nan,nan,nan,nan,1.073276,0.8124082,0.45812607
nan,-0.083253145,nan,nan,nan,nan,nan,nan,nan,-0.07693577,0.46779704,0.5889313
nan,-0.29351258,nan,nan,nan,nan,nan,nan,nan,-0.80498433,-0.183846,0.09081173
nan,-0.39946604,nan,nan,nan,nan,nan,nan,nan,-0.7628689,-0.4428637,-0.1270113
nan,-0.3285911,nan,nan,nan,nan,nan,nan,nan,-0.6715152,-0.5233693,-0.22968698
nan,-0.29427314,nan,nan,nan,nan,nan,nan,nan,-0.65543985,-0.54864717,-0.3815353
nan,-0.30765462,nan,nan,nan,nan,nan,nan,nan,-0.6350293,-0.55442977,-0.39123964
nan,-0.33254266,nan,nan,nan,nan,nan,nan,nan,-0.550215,-0.51793814,-0.3746829
nan,-0.2877257,nan,nan,nan,nan,nan,nan,nan,-0.38591075,-0.40791583,-0.3015523
nan,-0.1809628,nan,nan,nan,nan,nan,nan,nan,-0.21895432,-0.2704184,-0.2109437
nan,-0.09458089,nan,nan,nan,nan,nan,nan,nan,-0.13452005,-0.19343853,-0.12652254
nan,-0.029053211,nan,nan,nan,nan,nan,nan,nan,-0.08844161,-0.1260972,-0.08453131
nan,-0.002059698,nan,nan,nan,nan,nan,nan,nan,-0.056674242,-0.09698415,-0.058816195
nan,0.014858007,nan,nan,nan,nan,nan,nan,nan,-0.04136634,-0.06938076,-0.04313445
nan,0.018829584,nan,nan,nan,nan,nan,nan,nan,-0.026438475,-0.06051016,-0.03747773
nan,0.023416758,nan,nan,nan,nan,nan,nan,nan,-0.0076065063,-0.04618025,-0.020617723
nan,0.045850515,nan,nan,nan,nan,nan,nan,nan,0.016136646,-0.027148724,0.0051050186
nan,0.067870855,nan,nan,nan,nan,nan,nan,nan,0.053828716,0.009679794,0.01918912
nan,0.08282137,nan,nan,nan,nan,nan,nan,nan,0.099775076,0.054722667,0.04085803
nan,0.10429025,nan,nan,nan,nan,nan,nan,nan,0.15706563,0.10175371,0.06818247
nan,0.13040376,nan,nan,nan,nan,nan,nan,nan,0.21415925,0.15095401,0.106363535
nan,0.15894711,nan,nan,nan,nan,nan,nan,nan,0.27249134,0.20335937,0.1520096
nan,0.1863749,nan,nan,nan,nan,nan,nan,nan,0.33314216,0.26077807,0.19351912
nan,0.22018766,nan,nan,nan,nan,nan,nan,nan,0.38665462,0.3035251,0.2235434
nan,0.2624023,nan,nan,nan,nan,nan,nan,nan,0.41630733,0.3292569,0.24446917
nan,0.28045845,nan,nan,nan,nan,nan,nan,nan,0.4090433,0.31685233,0.24122798
nan,0.28176212,nan,nan,nan,nan,nan,nan,nan,0.37700891,0.29718792,0.22487617
nan,0.2643565,nan,nan,nan,nan,nan,nan,nan,0.29274976,0.23543906,0.18855762
nan,0.22412395,nan,nan,nan,nan,nan,nan,nan,0.23216403,0.17324555,0.13530731
nan,0.16897833,nan,nan,nan,nan,nan,nan,nan,0.15062058,0.11216807,0.092185736
nan,0.13667226,nan,nan,nan,nan,nan,nan,nan,0.07775521,0.05536723,0.045593977
nan,0.10328412,nan,nan,nan,nan,nan,nan,nan,0.030731916,-0.001285553,0.011714458
nan,0.07766223,nan,nan,nan,nan,nan,nan,nan,-0.006286621,-0.027237892,-0.0072083473
nan,0.057015896,nan,nan,nan,nan,nan,nan,nan,-0.044294357,-0.05030918,-0.025797367
nan,0.03859973,nan,nan,nan,nan,nan,nan,nan,-0.05172777,-0.055334568,-0.036609173
nan,0.026699305,nan,nan,nan,nan,nan,nan,nan,-0.061589718,-0.07770586,-0.05275917
nan,0.024140835,nan,nan,nan,nan,nan,nan,nan,-0.0657115,-0.049812794,-0.045598984
nan,0.033930063,nan,nan,nan,nan,nan,nan,nan,-0.065107584,-0.03501463,-0.042301655
nan,0.046200752,nan,nan,nan,nan,nan,nan,nan,-0.063851595,-0.033769608,-0.034255505
nan,0.058137655,nan,nan,nan,nan,nan,nan,nan,-0.053449392,-0.027909994,-0.028758764
nan,0.08710241,nan,nan,nan,nan,nan,nan,nan,-0.042863846,-0.021351814,-0.02461958
nan,0.12149739,nan,nan,nan,nan,nan,nan,nan,-0.035721302,-0.013991356,-0.017586708
nan,0.14011574,nan,nan,nan,nan,nan,nan,nan,-0.023084402,-0.008226156,-0.009679794
nan,0.15449977,nan,nan,nan,nan,nan,nan,nan,-0.014532089,-0.012948513,0.009447098
nan,0.1786431,nan,nan,nan,nan,nan,nan,nan,-0.018108606,-0.011970043,0.024658203
nan,0.17132044,nan,nan,nan,nan,nan,nan,nan,-0.036687136,-0.015866756,0.024375677
nan,0.14196622,nan,nan,nan,nan,nan,nan,nan,-0.067578316,-0.027808428,0.022833824
nan,0.10664272,nan,nan,nan,nan,nan,nan,nan,-0.08177757,-0.045738697,-0.0066018105
nan,0.061360836,nan,nan,nan,nan,nan,nan,nan,-0.08518982,-0.062200785,-0.02946186
nan,0.01618886,nan,nan,nan,nan,nan,nan,nan,-0.11707401,-0.08043575,-0.04653859
nan,-0.02207017,nan,nan,nan,nan,nan,nan,nan,-0.13958144,-0.107806206,-0.06314993
nan,-0.04353857,nan,nan,nan,nan,nan,nan,nan,-0.14758778,-0.121068954,-0.07474661
nan,-0.050720453,nan,nan,nan,nan,nan,nan,nan,-0.14824796,-0.12315822,-0.08469963
nan,-0.061211824,nan,nan,nan,nan,nan,nan,nan,-0.14259195,-0.12908077,-0.09192872
nan,-0.064264536,nan,nan,nan,nan,nan,nan,nan,-0.14116478,-0.14224887,-0.093372345
nan,-0.058955908,nan,nan,nan,nan,nan,nan,nan,-0.06304169,-0.1307621,-0.09771061
nan,-0.057353258,nan,nan,nan,nan,nan,nan,nan,0.20601583,0.024439096,-0.07439804
nan,-0.045137167,nan,nan,nan,nan,nan,nan,nan,0.9481201,0.63902736,0.1870879
nan,0.013109922,nan,nan,nan,nan,nan,nan,nan,1.1007113,0.77508354,0.39495897
nan,-0.085473776,nan,nan,nan,nan,nan,nan,nan,0.056591153,0.53918076,0.47426343
nan,-0.31291914,nan,nan,nan,nan,nan,nan,nan,-0.80544114,-0.27221656,0.15329611
nan,-0.42171574,nan,nan,nan,nan,nan,nan,nan,-0.7515757,-0.36908627,-0.1683991
nan,-0.3751216,nan,nan,nan,nan,nan,nan,nan,-0.6992738,-0.52333546,-0.27817154
nan,-0.33296752,nan,nan,nan,nan,nan,nan,nan,-0.6987748,-0.5789099,-0.4092164
nan,-0.35502648,nan,nan,nan,nan,nan,nan,nan,-0.6877272,-0.57307124,-0.42804956
nan,-0.37809134,nan,nan,nan,nan,nan,nan,nan,-0.59574986,-0.533967,-0.40794563
nan,-0.38035512,nan,nan,nan,nan,nan,nan,nan,-0.41857243,-0.40143156,-0.35912132
nan,-0.18067813,nan,nan,nan,nan,nan,nan,nan,-0.2546487,-0.2813995,-0.20469427
nan,-0.08973956,nan,nan,nan,nan,nan,nan,nan,-0.14220715,-0.17768002,-0.13497329
nan,-0.016346693,nan,nan,nan,nan,nan,nan,nan,-0.1069355,-0.12691736,-0.0912776
nan,0.007539034,nan,nan,nan,nan,nan,nan,nan,-0.073024035,-0.100165844,-0.0643549
nan,0.022588968,nan,nan,nan,nan,nan,nan,nan,-0.039654255,-0.0806036,-0.046875
nan,0.033246994,nan,nan,nan,nan,nan,nan,nan,-0.012608051,-0.06496334,-0.033327818
nan,0.050926447,nan,nan,nan,nan,nan,nan,nan,0.020427704,-0.045058727,-0.019224167
nan,0.06879139,nan,nan,nan,nan,nan,nan,nan,0.03425026,-0.027986526,-0.00945282
nan,0.07353759,nan,nan,nan,nan,nan,nan,nan,0.061786532,-0.004549265,0.0055270195
nan,0.08775544,nan,nan,nan,nan,nan,nan,nan,0.102945685,0.02326715,0.025915623
nan,0.10576439,nan,nan,nan,nan,nan,nan,nan,0.15247822,0.063173056,0.05647993
nan,0.12969351,nan,nan,nan,nan,nan,nan,nan,0.20652747,0.108042,0.08951402
nan,0.14654589,nan,nan,nan,nan,nan,nan,nan,0.27558613,0.16276479,0.12922454
nan,0.18474221,nan,nan,nan,nan,nan,nan,nan,0.33484375,0.21880889,0.1733005
nan,0.21966136,nan,nan,nan,nan,nan,nan,nan,0.39110637,0.2686906,0.20309544
nan,0.2467308,nan,nan,nan,nan,nan,nan,nan,0.42747188,0.29199278,0.22935605
nan,0.27124536,nan,nan,nan,nan,nan,nan,nan,0.43120134,0.2901914,0.23631954
nan,0.2737118,nan,nan,nan,nan,nan,nan,nan,0.40460944,0.26112747,0.21489584
nan,0.25086904,nan,nan,nan,nan,nan,nan,nan,0.33834076,0.20861983,0.18639398
nan,0.22452414,nan,nan,nan,nan,nan,nan,nan,0.26067615,0.1525805,0.14279997
nan,0.1872592,nan,nan,nan,nan,nan,nan,nan,0.18008113,0.08219409,0.09017825
nan,0.14056802,nan,nan,nan,nan,nan,nan,nan,0.10450363,0.02861321,0.049687386
nan,0.100231886,nan,nan,nan,nan,nan,nan,nan,0.05035925,-0.017833233,0.019593716
nan,0.07325959,nan,nan,nan,nan,nan,nan,nan,0.0042419434,-0.028608799,-0.004699707
nan,0.05790186,nan,nan,nan,nan,nan,nan,nan,-0.011551857,-0.02373457,-0.018101454
nan,0.05002761,nan,nan,nan,nan,nan,nan,nan,-0.02419424,-0.018093348,-0.030297995
nan,0.04229474,nan,nan,nan,nan,nan,nan,nan,-0.04344368,-0.0101623535,-0.04137802
nan,0.033637524,nan,nan,nan,nan,nan,nan,nan,-0.046405077,-0.010721207,-0.0502944
nan,0.025420904,nan,nan,nan,nan,nan,nan,nan,-0.0354774,-0.014844656,-0.053110123
nan,0.036048174,nan,nan,nan,nan,nan,nan,nan,-0.029784203,-0.00072205067,-0.042970657
nan,0.05841303,nan,nan,nan,nan,nan,nan,nan,-0.021326065,0.0041166544,-0.029602528
nan,0.09016991,nan,nan,nan,nan,nan,nan,nan,-0.018074036,0.008357048,-0.02611494
nan,0.12862206,nan,nan,nan,nan,nan,nan,nan,-0.011904001,0.011986136,-0.017022848
nan,0.13985515,nan,nan,nan,nan,nan,nan,nan,-0.0034866333,0.023420453,0.0026359558
nan,0.14937901,nan,nan,nan,nan,nan,nan,nan,0.013484716,0.03566861,0.018916607
nan,0.16814554,nan,nan,nan,nan,nan,nan,nan,0.017213583,0.045916796,0.029097795
nan,0.16843963,nan,nan,nan,nan,nan,nan,nan,-0.00052571297,0.043248296,0.02952528
nan,0.14747715,nan,nan,nan,nan,nan,nan,nan,-0.021719456,0.03497398,0.022893906
nan,0.11746073,nan,nan,nan,nan,nan,nan,nan,-0.055463076,0.020400286,0.012437105
nan,0.063565016,nan,nan,nan,nan,nan,nan,nan,-0.05312109,-0.009570122,-0.007931471
nan,0.023243189,nan,nan,nan,nan,nan,nan,nan,-0.0930779,-0.045558214,-0.03724146
nan,-0.016473532,nan,nan,nan,nan,nan,nan,nan,-0.09859896,-0.06948733,-0.060141087
nan,-0.045437336,nan,nan,nan,nan,nan,nan,nan,-0.10457373,-0.07937956,-0.07586193
nan,-0.059871674,nan,nan,nan,nan,nan,nan,nan,-0.1117754,-0.07919741,-0.08654165
nan,-0.06428909,nan,nan,nan,nan,nan,nan,nan,-0.115846634,-0.080852985,-0.09169006
nan,-0.066655874,nan,nan,nan,nan,nan,nan,nan,-0.11564398,-0.08033347,-0.097923994
nan,-0.05922556,nan,nan,nan,nan,nan,nan,nan,-0.06497145,-0.08189392,-0.0852859
nan,-0.060117006,nan,nan,nan,nan,nan,nan,nan,0.20431232,-0.019831419,-0.0543108
nan,-0.032829046,nan,nan,nan,nan,nan,nan,nan,0.81220853,0.41161466,0.10748029
nan,0.0507102,nan,nan,nan,nan,nan,nan,nan,1.1416588,0.955997,0.42767167
nan,0.08466196,nan,nan,nan,nan,nan,nan,nan,0.32507527,0.71634007,0.5957761
nan,-0.17753625,nan,nan,nan,nan,nan,nan,nan,-0.34578133,0.008444309,0.26602554
nan,-0.45958185,nan,nan,nan,nan,nan,nan,nan,-0.7525871,-0.30238032,-0.14773798
nan,-0.38013935,nan,nan,nan,nan,nan,nan,nan,-0.69379854,-0.4767928,-0.2876563
nan,-0.33454967,nan,nan,nan,nan,nan,nan,nan,-0.6822896,-0.5157099,-0.40591526
nan,-0.34330344,nan,nan,nan,nan,nan,nan,nan,-0.6767192,-0.53763866,-0.42202568
nan,-0.3669498,nan,nan,nan,nan,nan,nan,nan,-0.5677552,-0.49886537,-0.4051714
nan,-0.2950132,nan,nan,nan,nan,nan,nan,nan,-0.39347124,-0.35242915,-0.32644248
nan,-0.19056582,nan,nan,nan,nan,nan,nan,nan,-0.23470283,-0.24015522,-0.21572995
nan,-0.06194067,nan,nan,nan,nan,nan,nan,nan,-0.12543678,-0.11667514,-0.13644838
nan,-0.015640497,nan,nan,nan,nan,nan,nan,nan,-0.0826149,-0.07146549,-0.080136776
nan,0.0036013126,nan,nan,nan,nan,nan,nan,nan,-0.045772076,-0.05130148,-0.056812525
nan,0.015698433,nan,nan,nan,nan,nan,nan,nan,-0.025025606,-0.031200886,-0.039476395
nan,0.03262019,nan,nan,nan,nan,nan,nan,nan,-0.0074453354,-0.015022516,-0.027469397
nan,0.04103923,nan,nan,nan,nan,nan,nan,nan,0.0040307045,0.0029814243,-0.017514944
nan,0.050166845,nan,nan,nan,nan,nan,nan,nan,0.026808739,0.02193749,-0.0028977394
nan,0.06335878,nan,nan,nan,nan,nan,nan,nan,0.04827094,0.04359269,0.019192696
nan,0.07785869,nan,nan,nan,nan,nan,nan,nan,0.088665724,0.069500685,0.036458492
nan,0.08846283,nan,nan,nan,nan,nan,nan,nan,0.13681197,0.1045146,0.05538225
nan,0.10974288,nan,nan,nan,nan,nan,nan,nan,0.18849933,0.15352535,0.08813095
nan,0.13822174,nan,nan,nan,nan,nan,nan,nan,0.25275135,0.19762397,0.115490675
nan,0.16701531,nan,nan,nan,nan,nan,nan,nan,0.32084084,0.24816072,0.153736
nan,0.20687985,nan,nan,nan,nan,nan,nan,nan,0.377375,0.296044,0.18844795
nan,0.24733114,nan,nan,nan,nan,nan,nan,nan,0.4078331,0.33976078,0.22207284
nan,0.265131,nan,nan,nan,nan,nan,nan,nan,0.40842605,0.34004176,0.24065244
nan,0.27119708,nan,nan,nan,nan,nan,nan,nan,0.3865608,0.31445026,0.22914898
nan,0.2555678,nan,nan,nan,nan,nan,nan,nan,0.3377316,0.25528514,0.20223022
nan,0.2346996,nan,nan,nan,nan,nan,nan,nan,0.2656181,0.20263529,0.15856528
nan,0.2059946,nan,nan,nan,nan,nan,nan,nan,0.19845462,0.14447999,0.10638189
nan,0.14576793,nan,nan,nan,nan,nan,nan,nan,0.13426578,0.090741396,0.0694828
nan,0.109720945,nan,nan,nan,nan,nan,nan,nan,0.077381134,0.049587607,0.03477502
nan,0.089841604,nan,nan,nan,nan,nan,nan,nan,0.030227661,0.016906261,0.017001629
nan,0.0670774,nan,nan,nan,nan,nan,nan,nan,0.0072939396,-0.0020745993,0.0012350082
nan,0.042617798,nan,nan,nan,nan,nan,nan,nan,-0.005941391,-0.036435604,-0.012712479
nan,0.020368814,nan,nan,nan,nan,nan,nan,nan,-0.018614292,-0.08256936,-0.018284082
nan,-0.006984949,nan,nan,nan,nan,nan,nan,nan,-0.03214407,-0.13308239,-0.016694069
